data_seed,data_type,ntrain,mcmc_strategy,apply_jitter
1,gaussian,250,iwls-nuts,FALSE
1,gaussian,500,iwls-nuts,FALSE
1,gaussian,1000,iwls-nuts,FALSE
1,mixture,250,iwls-nuts,FALSE
1,mixture,500,iwls-nuts,FALSE
1,mixture,1000,iwls-nuts,FALSE
1,skewnorm,250,iwls-nuts,FALSE
1,skewnorm,500,iwls-nuts,FALSE
1,skewnorm,1000,iwls-nuts,FALSE
1,ptm,250,iwls-nuts,FALSE
1,ptm,500,iwls-nuts,FALSE
1,ptm,1000,iwls-nuts,FALSE
2,gaussian,250,iwls-nuts,FALSE
2,gaussian,500,iwls-nuts,FALSE
2,gaussian,1000,iwls-nuts,FALSE
2,mixture,250,iwls-nuts,FALSE
2,mixture,500,iwls-nuts,FALSE
2,mixture,1000,iwls-nuts,FALSE
2,skewnorm,250,iwls-nuts,FALSE
2,skewnorm,500,iwls-nuts,FALSE
2,skewnorm,1000,iwls-nuts,FALSE
2,ptm,250,iwls-nuts,FALSE
2,ptm,500,iwls-nuts,FALSE
2,ptm,1000,iwls-nuts,FALSE
3,gaussian,250,iwls-nuts,FALSE
3,gaussian,500,iwls-nuts,FALSE
3,gaussian,1000,iwls-nuts,FALSE
3,mixture,250,iwls-nuts,FALSE
3,mixture,500,iwls-nuts,FALSE
3,mixture,1000,iwls-nuts,FALSE
3,skewnorm,250,iwls-nuts,FALSE
3,skewnorm,500,iwls-nuts,FALSE
3,skewnorm,1000,iwls-nuts,FALSE
3,ptm,250,iwls-nuts,FALSE
3,ptm,500,iwls-nuts,FALSE
3,ptm,1000,iwls-nuts,FALSE
4,gaussian,250,iwls-nuts,FALSE
4,gaussian,500,iwls-nuts,FALSE
4,gaussian,1000,iwls-nuts,FALSE
4,mixture,250,iwls-nuts,FALSE
4,mixture,500,iwls-nuts,FALSE
4,mixture,1000,iwls-nuts,FALSE
4,skewnorm,250,iwls-nuts,FALSE
4,skewnorm,500,iwls-nuts,FALSE
4,skewnorm,1000,iwls-nuts,FALSE
4,ptm,250,iwls-nuts,FALSE
4,ptm,500,iwls-nuts,FALSE
4,ptm,1000,iwls-nuts,FALSE
5,gaussian,250,iwls-nuts,FALSE
5,gaussian,500,iwls-nuts,FALSE
5,gaussian,1000,iwls-nuts,FALSE
5,mixture,250,iwls-nuts,FALSE
5,mixture,500,iwls-nuts,FALSE
5,mixture,1000,iwls-nuts,FALSE
5,skewnorm,250,iwls-nuts,FALSE
5,skewnorm,500,iwls-nuts,FALSE
5,skewnorm,1000,iwls-nuts,FALSE
5,ptm,250,iwls-nuts,FALSE
5,ptm,500,iwls-nuts,FALSE
5,ptm,1000,iwls-nuts,FALSE
6,gaussian,250,iwls-nuts,FALSE
6,gaussian,500,iwls-nuts,FALSE
6,gaussian,1000,iwls-nuts,FALSE
6,mixture,250,iwls-nuts,FALSE
6,mixture,500,iwls-nuts,FALSE
6,mixture,1000,iwls-nuts,FALSE
6,skewnorm,250,iwls-nuts,FALSE
6,skewnorm,500,iwls-nuts,FALSE
6,skewnorm,1000,iwls-nuts,FALSE
6,ptm,250,iwls-nuts,FALSE
6,ptm,500,iwls-nuts,FALSE
6,ptm,1000,iwls-nuts,FALSE
7,gaussian,250,iwls-nuts,FALSE
7,gaussian,500,iwls-nuts,FALSE
7,gaussian,1000,iwls-nuts,FALSE
7,mixture,250,iwls-nuts,FALSE
7,mixture,500,iwls-nuts,FALSE
7,mixture,1000,iwls-nuts,FALSE
7,skewnorm,250,iwls-nuts,FALSE
7,skewnorm,500,iwls-nuts,FALSE
7,skewnorm,1000,iwls-nuts,FALSE
7,ptm,250,iwls-nuts,FALSE
7,ptm,500,iwls-nuts,FALSE
7,ptm,1000,iwls-nuts,FALSE
8,gaussian,250,iwls-nuts,FALSE
8,gaussian,500,iwls-nuts,FALSE
8,gaussian,1000,iwls-nuts,FALSE
8,mixture,250,iwls-nuts,FALSE
8,mixture,500,iwls-nuts,FALSE
8,mixture,1000,iwls-nuts,FALSE
8,skewnorm,250,iwls-nuts,FALSE
8,skewnorm,500,iwls-nuts,FALSE
8,skewnorm,1000,iwls-nuts,FALSE
8,ptm,250,iwls-nuts,FALSE
8,ptm,500,iwls-nuts,FALSE
8,ptm,1000,iwls-nuts,FALSE
9,gaussian,250,iwls-nuts,FALSE
9,gaussian,500,iwls-nuts,FALSE
9,gaussian,1000,iwls-nuts,FALSE
9,mixture,250,iwls-nuts,FALSE
9,mixture,500,iwls-nuts,FALSE
9,mixture,1000,iwls-nuts,FALSE
9,skewnorm,250,iwls-nuts,FALSE
9,skewnorm,500,iwls-nuts,FALSE
9,skewnorm,1000,iwls-nuts,FALSE
9,ptm,250,iwls-nuts,FALSE
9,ptm,500,iwls-nuts,FALSE
9,ptm,1000,iwls-nuts,FALSE
10,gaussian,250,iwls-nuts,FALSE
10,gaussian,500,iwls-nuts,FALSE
10,gaussian,1000,iwls-nuts,FALSE
10,mixture,250,iwls-nuts,FALSE
10,mixture,500,iwls-nuts,FALSE
10,mixture,1000,iwls-nuts,FALSE
10,skewnorm,250,iwls-nuts,FALSE
10,skewnorm,500,iwls-nuts,FALSE
10,skewnorm,1000,iwls-nuts,FALSE
10,ptm,250,iwls-nuts,FALSE
10,ptm,500,iwls-nuts,FALSE
10,ptm,1000,iwls-nuts,FALSE
11,gaussian,250,iwls-nuts,FALSE
11,gaussian,500,iwls-nuts,FALSE
11,gaussian,1000,iwls-nuts,FALSE
11,mixture,250,iwls-nuts,FALSE
11,mixture,500,iwls-nuts,FALSE
11,mixture,1000,iwls-nuts,FALSE
11,skewnorm,250,iwls-nuts,FALSE
11,skewnorm,500,iwls-nuts,FALSE
11,skewnorm,1000,iwls-nuts,FALSE
11,ptm,250,iwls-nuts,FALSE
11,ptm,500,iwls-nuts,FALSE
11,ptm,1000,iwls-nuts,FALSE
12,gaussian,250,iwls-nuts,FALSE
12,gaussian,500,iwls-nuts,FALSE
12,gaussian,1000,iwls-nuts,FALSE
12,mixture,250,iwls-nuts,FALSE
12,mixture,500,iwls-nuts,FALSE
12,mixture,1000,iwls-nuts,FALSE
12,skewnorm,250,iwls-nuts,FALSE
12,skewnorm,500,iwls-nuts,FALSE
12,skewnorm,1000,iwls-nuts,FALSE
12,ptm,250,iwls-nuts,FALSE
12,ptm,500,iwls-nuts,FALSE
12,ptm,1000,iwls-nuts,FALSE
13,gaussian,250,iwls-nuts,FALSE
13,gaussian,500,iwls-nuts,FALSE
13,gaussian,1000,iwls-nuts,FALSE
13,mixture,250,iwls-nuts,FALSE
13,mixture,500,iwls-nuts,FALSE
13,mixture,1000,iwls-nuts,FALSE
13,skewnorm,250,iwls-nuts,FALSE
13,skewnorm,500,iwls-nuts,FALSE
13,skewnorm,1000,iwls-nuts,FALSE
13,ptm,250,iwls-nuts,FALSE
13,ptm,500,iwls-nuts,FALSE
13,ptm,1000,iwls-nuts,FALSE
14,gaussian,250,iwls-nuts,FALSE
14,gaussian,500,iwls-nuts,FALSE
14,gaussian,1000,iwls-nuts,FALSE
14,mixture,250,iwls-nuts,FALSE
14,mixture,500,iwls-nuts,FALSE
14,mixture,1000,iwls-nuts,FALSE
14,skewnorm,250,iwls-nuts,FALSE
14,skewnorm,500,iwls-nuts,FALSE
14,skewnorm,1000,iwls-nuts,FALSE
14,ptm,250,iwls-nuts,FALSE
14,ptm,500,iwls-nuts,FALSE
14,ptm,1000,iwls-nuts,FALSE
15,gaussian,250,iwls-nuts,FALSE
15,gaussian,500,iwls-nuts,FALSE
15,gaussian,1000,iwls-nuts,FALSE
15,mixture,250,iwls-nuts,FALSE
15,mixture,500,iwls-nuts,FALSE
15,mixture,1000,iwls-nuts,FALSE
15,skewnorm,250,iwls-nuts,FALSE
15,skewnorm,500,iwls-nuts,FALSE
15,skewnorm,1000,iwls-nuts,FALSE
15,ptm,250,iwls-nuts,FALSE
15,ptm,500,iwls-nuts,FALSE
15,ptm,1000,iwls-nuts,FALSE
16,gaussian,250,iwls-nuts,FALSE
16,gaussian,500,iwls-nuts,FALSE
16,gaussian,1000,iwls-nuts,FALSE
16,mixture,250,iwls-nuts,FALSE
16,mixture,500,iwls-nuts,FALSE
16,mixture,1000,iwls-nuts,FALSE
16,skewnorm,250,iwls-nuts,FALSE
16,skewnorm,500,iwls-nuts,FALSE
16,skewnorm,1000,iwls-nuts,FALSE
16,ptm,250,iwls-nuts,FALSE
16,ptm,500,iwls-nuts,FALSE
16,ptm,1000,iwls-nuts,FALSE
17,gaussian,250,iwls-nuts,FALSE
17,gaussian,500,iwls-nuts,FALSE
17,gaussian,1000,iwls-nuts,FALSE
17,mixture,250,iwls-nuts,FALSE
17,mixture,500,iwls-nuts,FALSE
17,mixture,1000,iwls-nuts,FALSE
17,skewnorm,250,iwls-nuts,FALSE
17,skewnorm,500,iwls-nuts,FALSE
17,skewnorm,1000,iwls-nuts,FALSE
17,ptm,250,iwls-nuts,FALSE
17,ptm,500,iwls-nuts,FALSE
17,ptm,1000,iwls-nuts,FALSE
18,gaussian,250,iwls-nuts,FALSE
18,gaussian,500,iwls-nuts,FALSE
18,gaussian,1000,iwls-nuts,FALSE
18,mixture,250,iwls-nuts,FALSE
18,mixture,500,iwls-nuts,FALSE
18,mixture,1000,iwls-nuts,FALSE
18,skewnorm,250,iwls-nuts,FALSE
18,skewnorm,500,iwls-nuts,FALSE
18,skewnorm,1000,iwls-nuts,FALSE
18,ptm,250,iwls-nuts,FALSE
18,ptm,500,iwls-nuts,FALSE
18,ptm,1000,iwls-nuts,FALSE
19,gaussian,250,iwls-nuts,FALSE
19,gaussian,500,iwls-nuts,FALSE
19,gaussian,1000,iwls-nuts,FALSE
19,mixture,250,iwls-nuts,FALSE
19,mixture,500,iwls-nuts,FALSE
19,mixture,1000,iwls-nuts,FALSE
19,skewnorm,250,iwls-nuts,FALSE
19,skewnorm,500,iwls-nuts,FALSE
19,skewnorm,1000,iwls-nuts,FALSE
19,ptm,250,iwls-nuts,FALSE
19,ptm,500,iwls-nuts,FALSE
19,ptm,1000,iwls-nuts,FALSE
20,gaussian,250,iwls-nuts,FALSE
20,gaussian,500,iwls-nuts,FALSE
20,gaussian,1000,iwls-nuts,FALSE
20,mixture,250,iwls-nuts,FALSE
20,mixture,500,iwls-nuts,FALSE
20,mixture,1000,iwls-nuts,FALSE
20,skewnorm,250,iwls-nuts,FALSE
20,skewnorm,500,iwls-nuts,FALSE
20,skewnorm,1000,iwls-nuts,FALSE
20,ptm,250,iwls-nuts,FALSE
20,ptm,500,iwls-nuts,FALSE
20,ptm,1000,iwls-nuts,FALSE
21,gaussian,250,iwls-nuts,FALSE
21,gaussian,500,iwls-nuts,FALSE
21,gaussian,1000,iwls-nuts,FALSE
21,mixture,250,iwls-nuts,FALSE
21,mixture,500,iwls-nuts,FALSE
21,mixture,1000,iwls-nuts,FALSE
21,skewnorm,250,iwls-nuts,FALSE
21,skewnorm,500,iwls-nuts,FALSE
21,skewnorm,1000,iwls-nuts,FALSE
21,ptm,250,iwls-nuts,FALSE
21,ptm,500,iwls-nuts,FALSE
21,ptm,1000,iwls-nuts,FALSE
22,gaussian,250,iwls-nuts,FALSE
22,gaussian,500,iwls-nuts,FALSE
22,gaussian,1000,iwls-nuts,FALSE
22,mixture,250,iwls-nuts,FALSE
22,mixture,500,iwls-nuts,FALSE
22,mixture,1000,iwls-nuts,FALSE
22,skewnorm,250,iwls-nuts,FALSE
22,skewnorm,500,iwls-nuts,FALSE
22,skewnorm,1000,iwls-nuts,FALSE
22,ptm,250,iwls-nuts,FALSE
22,ptm,500,iwls-nuts,FALSE
22,ptm,1000,iwls-nuts,FALSE
23,gaussian,250,iwls-nuts,FALSE
23,gaussian,500,iwls-nuts,FALSE
23,gaussian,1000,iwls-nuts,FALSE
23,mixture,250,iwls-nuts,FALSE
23,mixture,500,iwls-nuts,FALSE
23,mixture,1000,iwls-nuts,FALSE
23,skewnorm,250,iwls-nuts,FALSE
23,skewnorm,500,iwls-nuts,FALSE
23,skewnorm,1000,iwls-nuts,FALSE
23,ptm,250,iwls-nuts,FALSE
23,ptm,500,iwls-nuts,FALSE
23,ptm,1000,iwls-nuts,FALSE
24,gaussian,250,iwls-nuts,FALSE
24,gaussian,500,iwls-nuts,FALSE
24,gaussian,1000,iwls-nuts,FALSE
24,mixture,250,iwls-nuts,FALSE
24,mixture,500,iwls-nuts,FALSE
24,mixture,1000,iwls-nuts,FALSE
24,skewnorm,250,iwls-nuts,FALSE
24,skewnorm,500,iwls-nuts,FALSE
24,skewnorm,1000,iwls-nuts,FALSE
24,ptm,250,iwls-nuts,FALSE
24,ptm,500,iwls-nuts,FALSE
24,ptm,1000,iwls-nuts,FALSE
25,gaussian,250,iwls-nuts,FALSE
25,gaussian,500,iwls-nuts,FALSE
25,gaussian,1000,iwls-nuts,FALSE
25,mixture,250,iwls-nuts,FALSE
25,mixture,500,iwls-nuts,FALSE
25,mixture,1000,iwls-nuts,FALSE
25,skewnorm,250,iwls-nuts,FALSE
25,skewnorm,500,iwls-nuts,FALSE
25,skewnorm,1000,iwls-nuts,FALSE
25,ptm,250,iwls-nuts,FALSE
25,ptm,500,iwls-nuts,FALSE
25,ptm,1000,iwls-nuts,FALSE
26,gaussian,250,iwls-nuts,FALSE
26,gaussian,500,iwls-nuts,FALSE
26,gaussian,1000,iwls-nuts,FALSE
26,mixture,250,iwls-nuts,FALSE
26,mixture,500,iwls-nuts,FALSE
26,mixture,1000,iwls-nuts,FALSE
26,skewnorm,250,iwls-nuts,FALSE
26,skewnorm,500,iwls-nuts,FALSE
26,skewnorm,1000,iwls-nuts,FALSE
26,ptm,250,iwls-nuts,FALSE
26,ptm,500,iwls-nuts,FALSE
26,ptm,1000,iwls-nuts,FALSE
27,gaussian,250,iwls-nuts,FALSE
27,gaussian,500,iwls-nuts,FALSE
27,gaussian,1000,iwls-nuts,FALSE
27,mixture,250,iwls-nuts,FALSE
27,mixture,500,iwls-nuts,FALSE
27,mixture,1000,iwls-nuts,FALSE
27,skewnorm,250,iwls-nuts,FALSE
27,skewnorm,500,iwls-nuts,FALSE
27,skewnorm,1000,iwls-nuts,FALSE
27,ptm,250,iwls-nuts,FALSE
27,ptm,500,iwls-nuts,FALSE
27,ptm,1000,iwls-nuts,FALSE
28,gaussian,250,iwls-nuts,FALSE
28,gaussian,500,iwls-nuts,FALSE
28,gaussian,1000,iwls-nuts,FALSE
28,mixture,250,iwls-nuts,FALSE
28,mixture,500,iwls-nuts,FALSE
28,mixture,1000,iwls-nuts,FALSE
28,skewnorm,250,iwls-nuts,FALSE
28,skewnorm,500,iwls-nuts,FALSE
28,skewnorm,1000,iwls-nuts,FALSE
28,ptm,250,iwls-nuts,FALSE
28,ptm,500,iwls-nuts,FALSE
28,ptm,1000,iwls-nuts,FALSE
29,gaussian,250,iwls-nuts,FALSE
29,gaussian,500,iwls-nuts,FALSE
29,gaussian,1000,iwls-nuts,FALSE
29,mixture,250,iwls-nuts,FALSE
29,mixture,500,iwls-nuts,FALSE
29,mixture,1000,iwls-nuts,FALSE
29,skewnorm,250,iwls-nuts,FALSE
29,skewnorm,500,iwls-nuts,FALSE
29,skewnorm,1000,iwls-nuts,FALSE
29,ptm,250,iwls-nuts,FALSE
29,ptm,500,iwls-nuts,FALSE
29,ptm,1000,iwls-nuts,FALSE
30,gaussian,250,iwls-nuts,FALSE
30,gaussian,500,iwls-nuts,FALSE
30,gaussian,1000,iwls-nuts,FALSE
30,mixture,250,iwls-nuts,FALSE
30,mixture,500,iwls-nuts,FALSE
30,mixture,1000,iwls-nuts,FALSE
30,skewnorm,250,iwls-nuts,FALSE
30,skewnorm,500,iwls-nuts,FALSE
30,skewnorm,1000,iwls-nuts,FALSE
30,ptm,250,iwls-nuts,FALSE
30,ptm,500,iwls-nuts,FALSE
30,ptm,1000,iwls-nuts,FALSE
31,gaussian,250,iwls-nuts,FALSE
31,gaussian,500,iwls-nuts,FALSE
31,gaussian,1000,iwls-nuts,FALSE
31,mixture,250,iwls-nuts,FALSE
31,mixture,500,iwls-nuts,FALSE
31,mixture,1000,iwls-nuts,FALSE
31,skewnorm,250,iwls-nuts,FALSE
31,skewnorm,500,iwls-nuts,FALSE
31,skewnorm,1000,iwls-nuts,FALSE
31,ptm,250,iwls-nuts,FALSE
31,ptm,500,iwls-nuts,FALSE
31,ptm,1000,iwls-nuts,FALSE
32,gaussian,250,iwls-nuts,FALSE
32,gaussian,500,iwls-nuts,FALSE
32,gaussian,1000,iwls-nuts,FALSE
32,mixture,250,iwls-nuts,FALSE
32,mixture,500,iwls-nuts,FALSE
32,mixture,1000,iwls-nuts,FALSE
32,skewnorm,250,iwls-nuts,FALSE
32,skewnorm,500,iwls-nuts,FALSE
32,skewnorm,1000,iwls-nuts,FALSE
32,ptm,250,iwls-nuts,FALSE
32,ptm,500,iwls-nuts,FALSE
32,ptm,1000,iwls-nuts,FALSE
33,gaussian,250,iwls-nuts,FALSE
33,gaussian,500,iwls-nuts,FALSE
33,gaussian,1000,iwls-nuts,FALSE
33,mixture,250,iwls-nuts,FALSE
33,mixture,500,iwls-nuts,FALSE
33,mixture,1000,iwls-nuts,FALSE
33,skewnorm,250,iwls-nuts,FALSE
33,skewnorm,500,iwls-nuts,FALSE
33,skewnorm,1000,iwls-nuts,FALSE
33,ptm,250,iwls-nuts,FALSE
33,ptm,500,iwls-nuts,FALSE
33,ptm,1000,iwls-nuts,FALSE
34,gaussian,250,iwls-nuts,FALSE
34,gaussian,500,iwls-nuts,FALSE
34,gaussian,1000,iwls-nuts,FALSE
34,mixture,250,iwls-nuts,FALSE
34,mixture,500,iwls-nuts,FALSE
34,mixture,1000,iwls-nuts,FALSE
34,skewnorm,250,iwls-nuts,FALSE
34,skewnorm,500,iwls-nuts,FALSE
34,skewnorm,1000,iwls-nuts,FALSE
34,ptm,250,iwls-nuts,FALSE
34,ptm,500,iwls-nuts,FALSE
34,ptm,1000,iwls-nuts,FALSE
35,gaussian,250,iwls-nuts,FALSE
35,gaussian,500,iwls-nuts,FALSE
35,gaussian,1000,iwls-nuts,FALSE
35,mixture,250,iwls-nuts,FALSE
35,mixture,500,iwls-nuts,FALSE
35,mixture,1000,iwls-nuts,FALSE
35,skewnorm,250,iwls-nuts,FALSE
35,skewnorm,500,iwls-nuts,FALSE
35,skewnorm,1000,iwls-nuts,FALSE
35,ptm,250,iwls-nuts,FALSE
35,ptm,500,iwls-nuts,FALSE
35,ptm,1000,iwls-nuts,FALSE
36,gaussian,250,iwls-nuts,FALSE
36,gaussian,500,iwls-nuts,FALSE
36,gaussian,1000,iwls-nuts,FALSE
36,mixture,250,iwls-nuts,FALSE
36,mixture,500,iwls-nuts,FALSE
36,mixture,1000,iwls-nuts,FALSE
36,skewnorm,250,iwls-nuts,FALSE
36,skewnorm,500,iwls-nuts,FALSE
36,skewnorm,1000,iwls-nuts,FALSE
36,ptm,250,iwls-nuts,FALSE
36,ptm,500,iwls-nuts,FALSE
36,ptm,1000,iwls-nuts,FALSE
37,gaussian,250,iwls-nuts,FALSE
37,gaussian,500,iwls-nuts,FALSE
37,gaussian,1000,iwls-nuts,FALSE
37,mixture,250,iwls-nuts,FALSE
37,mixture,500,iwls-nuts,FALSE
37,mixture,1000,iwls-nuts,FALSE
37,skewnorm,250,iwls-nuts,FALSE
37,skewnorm,500,iwls-nuts,FALSE
37,skewnorm,1000,iwls-nuts,FALSE
37,ptm,250,iwls-nuts,FALSE
37,ptm,500,iwls-nuts,FALSE
37,ptm,1000,iwls-nuts,FALSE
38,gaussian,250,iwls-nuts,FALSE
38,gaussian,500,iwls-nuts,FALSE
38,gaussian,1000,iwls-nuts,FALSE
38,mixture,250,iwls-nuts,FALSE
38,mixture,500,iwls-nuts,FALSE
38,mixture,1000,iwls-nuts,FALSE
38,skewnorm,250,iwls-nuts,FALSE
38,skewnorm,500,iwls-nuts,FALSE
38,skewnorm,1000,iwls-nuts,FALSE
38,ptm,250,iwls-nuts,FALSE
38,ptm,500,iwls-nuts,FALSE
38,ptm,1000,iwls-nuts,FALSE
39,gaussian,250,iwls-nuts,FALSE
39,gaussian,500,iwls-nuts,FALSE
39,gaussian,1000,iwls-nuts,FALSE
39,mixture,250,iwls-nuts,FALSE
39,mixture,500,iwls-nuts,FALSE
39,mixture,1000,iwls-nuts,FALSE
39,skewnorm,250,iwls-nuts,FALSE
39,skewnorm,500,iwls-nuts,FALSE
39,skewnorm,1000,iwls-nuts,FALSE
39,ptm,250,iwls-nuts,FALSE
39,ptm,500,iwls-nuts,FALSE
39,ptm,1000,iwls-nuts,FALSE
40,gaussian,250,iwls-nuts,FALSE
40,gaussian,500,iwls-nuts,FALSE
40,gaussian,1000,iwls-nuts,FALSE
40,mixture,250,iwls-nuts,FALSE
40,mixture,500,iwls-nuts,FALSE
40,mixture,1000,iwls-nuts,FALSE
40,skewnorm,250,iwls-nuts,FALSE
40,skewnorm,500,iwls-nuts,FALSE
40,skewnorm,1000,iwls-nuts,FALSE
40,ptm,250,iwls-nuts,FALSE
40,ptm,500,iwls-nuts,FALSE
40,ptm,1000,iwls-nuts,FALSE
41,gaussian,250,iwls-nuts,FALSE
41,gaussian,500,iwls-nuts,FALSE
41,gaussian,1000,iwls-nuts,FALSE
41,mixture,250,iwls-nuts,FALSE
41,mixture,500,iwls-nuts,FALSE
41,mixture,1000,iwls-nuts,FALSE
41,skewnorm,250,iwls-nuts,FALSE
41,skewnorm,500,iwls-nuts,FALSE
41,skewnorm,1000,iwls-nuts,FALSE
41,ptm,250,iwls-nuts,FALSE
41,ptm,500,iwls-nuts,FALSE
41,ptm,1000,iwls-nuts,FALSE
42,gaussian,250,iwls-nuts,FALSE
42,gaussian,500,iwls-nuts,FALSE
42,gaussian,1000,iwls-nuts,FALSE
42,mixture,250,iwls-nuts,FALSE
42,mixture,500,iwls-nuts,FALSE
42,mixture,1000,iwls-nuts,FALSE
42,skewnorm,250,iwls-nuts,FALSE
42,skewnorm,500,iwls-nuts,FALSE
42,skewnorm,1000,iwls-nuts,FALSE
42,ptm,250,iwls-nuts,FALSE
42,ptm,500,iwls-nuts,FALSE
42,ptm,1000,iwls-nuts,FALSE
43,gaussian,250,iwls-nuts,FALSE
43,gaussian,500,iwls-nuts,FALSE
43,gaussian,1000,iwls-nuts,FALSE
43,mixture,250,iwls-nuts,FALSE
43,mixture,500,iwls-nuts,FALSE
43,mixture,1000,iwls-nuts,FALSE
43,skewnorm,250,iwls-nuts,FALSE
43,skewnorm,500,iwls-nuts,FALSE
43,skewnorm,1000,iwls-nuts,FALSE
43,ptm,250,iwls-nuts,FALSE
43,ptm,500,iwls-nuts,FALSE
43,ptm,1000,iwls-nuts,FALSE
44,gaussian,250,iwls-nuts,FALSE
44,gaussian,500,iwls-nuts,FALSE
44,gaussian,1000,iwls-nuts,FALSE
44,mixture,250,iwls-nuts,FALSE
44,mixture,500,iwls-nuts,FALSE
44,mixture,1000,iwls-nuts,FALSE
44,skewnorm,250,iwls-nuts,FALSE
44,skewnorm,500,iwls-nuts,FALSE
44,skewnorm,1000,iwls-nuts,FALSE
44,ptm,250,iwls-nuts,FALSE
44,ptm,500,iwls-nuts,FALSE
44,ptm,1000,iwls-nuts,FALSE
45,gaussian,250,iwls-nuts,FALSE
45,gaussian,500,iwls-nuts,FALSE
45,gaussian,1000,iwls-nuts,FALSE
45,mixture,250,iwls-nuts,FALSE
45,mixture,500,iwls-nuts,FALSE
45,mixture,1000,iwls-nuts,FALSE
45,skewnorm,250,iwls-nuts,FALSE
45,skewnorm,500,iwls-nuts,FALSE
45,skewnorm,1000,iwls-nuts,FALSE
45,ptm,250,iwls-nuts,FALSE
45,ptm,500,iwls-nuts,FALSE
45,ptm,1000,iwls-nuts,FALSE
46,gaussian,250,iwls-nuts,FALSE
46,gaussian,500,iwls-nuts,FALSE
46,gaussian,1000,iwls-nuts,FALSE
46,mixture,250,iwls-nuts,FALSE
46,mixture,500,iwls-nuts,FALSE
46,mixture,1000,iwls-nuts,FALSE
46,skewnorm,250,iwls-nuts,FALSE
46,skewnorm,500,iwls-nuts,FALSE
46,skewnorm,1000,iwls-nuts,FALSE
46,ptm,250,iwls-nuts,FALSE
46,ptm,500,iwls-nuts,FALSE
46,ptm,1000,iwls-nuts,FALSE
47,gaussian,250,iwls-nuts,FALSE
47,gaussian,500,iwls-nuts,FALSE
47,gaussian,1000,iwls-nuts,FALSE
47,mixture,250,iwls-nuts,FALSE
47,mixture,500,iwls-nuts,FALSE
47,mixture,1000,iwls-nuts,FALSE
47,skewnorm,250,iwls-nuts,FALSE
47,skewnorm,500,iwls-nuts,FALSE
47,skewnorm,1000,iwls-nuts,FALSE
47,ptm,250,iwls-nuts,FALSE
47,ptm,500,iwls-nuts,FALSE
47,ptm,1000,iwls-nuts,FALSE
48,gaussian,250,iwls-nuts,FALSE
48,gaussian,500,iwls-nuts,FALSE
48,gaussian,1000,iwls-nuts,FALSE
48,mixture,250,iwls-nuts,FALSE
48,mixture,500,iwls-nuts,FALSE
48,mixture,1000,iwls-nuts,FALSE
48,skewnorm,250,iwls-nuts,FALSE
48,skewnorm,500,iwls-nuts,FALSE
48,skewnorm,1000,iwls-nuts,FALSE
48,ptm,250,iwls-nuts,FALSE
48,ptm,500,iwls-nuts,FALSE
48,ptm,1000,iwls-nuts,FALSE
49,gaussian,250,iwls-nuts,FALSE
49,gaussian,500,iwls-nuts,FALSE
49,gaussian,1000,iwls-nuts,FALSE
49,mixture,250,iwls-nuts,FALSE
49,mixture,500,iwls-nuts,FALSE
49,mixture,1000,iwls-nuts,FALSE
49,skewnorm,250,iwls-nuts,FALSE
49,skewnorm,500,iwls-nuts,FALSE
49,skewnorm,1000,iwls-nuts,FALSE
49,ptm,250,iwls-nuts,FALSE
49,ptm,500,iwls-nuts,FALSE
49,ptm,1000,iwls-nuts,FALSE
50,gaussian,250,iwls-nuts,FALSE
50,gaussian,500,iwls-nuts,FALSE
50,gaussian,1000,iwls-nuts,FALSE
50,mixture,250,iwls-nuts,FALSE
50,mixture,500,iwls-nuts,FALSE
50,mixture,1000,iwls-nuts,FALSE
50,skewnorm,250,iwls-nuts,FALSE
50,skewnorm,500,iwls-nuts,FALSE
50,skewnorm,1000,iwls-nuts,FALSE
50,ptm,250,iwls-nuts,FALSE
50,ptm,500,iwls-nuts,FALSE
50,ptm,1000,iwls-nuts,FALSE
51,gaussian,250,iwls-nuts,FALSE
51,gaussian,500,iwls-nuts,FALSE
51,gaussian,1000,iwls-nuts,FALSE
51,mixture,250,iwls-nuts,FALSE
51,mixture,500,iwls-nuts,FALSE
51,mixture,1000,iwls-nuts,FALSE
51,skewnorm,250,iwls-nuts,FALSE
51,skewnorm,500,iwls-nuts,FALSE
51,skewnorm,1000,iwls-nuts,FALSE
51,ptm,250,iwls-nuts,FALSE
51,ptm,500,iwls-nuts,FALSE
51,ptm,1000,iwls-nuts,FALSE
52,gaussian,250,iwls-nuts,FALSE
52,gaussian,500,iwls-nuts,FALSE
52,gaussian,1000,iwls-nuts,FALSE
52,mixture,250,iwls-nuts,FALSE
52,mixture,500,iwls-nuts,FALSE
52,mixture,1000,iwls-nuts,FALSE
52,skewnorm,250,iwls-nuts,FALSE
52,skewnorm,500,iwls-nuts,FALSE
52,skewnorm,1000,iwls-nuts,FALSE
52,ptm,250,iwls-nuts,FALSE
52,ptm,500,iwls-nuts,FALSE
52,ptm,1000,iwls-nuts,FALSE
53,gaussian,250,iwls-nuts,FALSE
53,gaussian,500,iwls-nuts,FALSE
53,gaussian,1000,iwls-nuts,FALSE
53,mixture,250,iwls-nuts,FALSE
53,mixture,500,iwls-nuts,FALSE
53,mixture,1000,iwls-nuts,FALSE
53,skewnorm,250,iwls-nuts,FALSE
53,skewnorm,500,iwls-nuts,FALSE
53,skewnorm,1000,iwls-nuts,FALSE
53,ptm,250,iwls-nuts,FALSE
53,ptm,500,iwls-nuts,FALSE
53,ptm,1000,iwls-nuts,FALSE
54,gaussian,250,iwls-nuts,FALSE
54,gaussian,500,iwls-nuts,FALSE
54,gaussian,1000,iwls-nuts,FALSE
54,mixture,250,iwls-nuts,FALSE
54,mixture,500,iwls-nuts,FALSE
54,mixture,1000,iwls-nuts,FALSE
54,skewnorm,250,iwls-nuts,FALSE
54,skewnorm,500,iwls-nuts,FALSE
54,skewnorm,1000,iwls-nuts,FALSE
54,ptm,250,iwls-nuts,FALSE
54,ptm,500,iwls-nuts,FALSE
54,ptm,1000,iwls-nuts,FALSE
55,gaussian,250,iwls-nuts,FALSE
55,gaussian,500,iwls-nuts,FALSE
55,gaussian,1000,iwls-nuts,FALSE
55,mixture,250,iwls-nuts,FALSE
55,mixture,500,iwls-nuts,FALSE
55,mixture,1000,iwls-nuts,FALSE
55,skewnorm,250,iwls-nuts,FALSE
55,skewnorm,500,iwls-nuts,FALSE
55,skewnorm,1000,iwls-nuts,FALSE
55,ptm,250,iwls-nuts,FALSE
55,ptm,500,iwls-nuts,FALSE
55,ptm,1000,iwls-nuts,FALSE
56,gaussian,250,iwls-nuts,FALSE
56,gaussian,500,iwls-nuts,FALSE
56,gaussian,1000,iwls-nuts,FALSE
56,mixture,250,iwls-nuts,FALSE
56,mixture,500,iwls-nuts,FALSE
56,mixture,1000,iwls-nuts,FALSE
56,skewnorm,250,iwls-nuts,FALSE
56,skewnorm,500,iwls-nuts,FALSE
56,skewnorm,1000,iwls-nuts,FALSE
56,ptm,250,iwls-nuts,FALSE
56,ptm,500,iwls-nuts,FALSE
56,ptm,1000,iwls-nuts,FALSE
57,gaussian,250,iwls-nuts,FALSE
57,gaussian,500,iwls-nuts,FALSE
57,gaussian,1000,iwls-nuts,FALSE
57,mixture,250,iwls-nuts,FALSE
57,mixture,500,iwls-nuts,FALSE
57,mixture,1000,iwls-nuts,FALSE
57,skewnorm,250,iwls-nuts,FALSE
57,skewnorm,500,iwls-nuts,FALSE
57,skewnorm,1000,iwls-nuts,FALSE
57,ptm,250,iwls-nuts,FALSE
57,ptm,500,iwls-nuts,FALSE
57,ptm,1000,iwls-nuts,FALSE
58,gaussian,250,iwls-nuts,FALSE
58,gaussian,500,iwls-nuts,FALSE
58,gaussian,1000,iwls-nuts,FALSE
58,mixture,250,iwls-nuts,FALSE
58,mixture,500,iwls-nuts,FALSE
58,mixture,1000,iwls-nuts,FALSE
58,skewnorm,250,iwls-nuts,FALSE
58,skewnorm,500,iwls-nuts,FALSE
58,skewnorm,1000,iwls-nuts,FALSE
58,ptm,250,iwls-nuts,FALSE
58,ptm,500,iwls-nuts,FALSE
58,ptm,1000,iwls-nuts,FALSE
59,gaussian,250,iwls-nuts,FALSE
59,gaussian,500,iwls-nuts,FALSE
59,gaussian,1000,iwls-nuts,FALSE
59,mixture,250,iwls-nuts,FALSE
59,mixture,500,iwls-nuts,FALSE
59,mixture,1000,iwls-nuts,FALSE
59,skewnorm,250,iwls-nuts,FALSE
59,skewnorm,500,iwls-nuts,FALSE
59,skewnorm,1000,iwls-nuts,FALSE
59,ptm,250,iwls-nuts,FALSE
59,ptm,500,iwls-nuts,FALSE
59,ptm,1000,iwls-nuts,FALSE
60,gaussian,250,iwls-nuts,FALSE
60,gaussian,500,iwls-nuts,FALSE
60,gaussian,1000,iwls-nuts,FALSE
60,mixture,250,iwls-nuts,FALSE
60,mixture,500,iwls-nuts,FALSE
60,mixture,1000,iwls-nuts,FALSE
60,skewnorm,250,iwls-nuts,FALSE
60,skewnorm,500,iwls-nuts,FALSE
60,skewnorm,1000,iwls-nuts,FALSE
60,ptm,250,iwls-nuts,FALSE
60,ptm,500,iwls-nuts,FALSE
60,ptm,1000,iwls-nuts,FALSE
61,gaussian,250,iwls-nuts,FALSE
61,gaussian,500,iwls-nuts,FALSE
61,gaussian,1000,iwls-nuts,FALSE
61,mixture,250,iwls-nuts,FALSE
61,mixture,500,iwls-nuts,FALSE
61,mixture,1000,iwls-nuts,FALSE
61,skewnorm,250,iwls-nuts,FALSE
61,skewnorm,500,iwls-nuts,FALSE
61,skewnorm,1000,iwls-nuts,FALSE
61,ptm,250,iwls-nuts,FALSE
61,ptm,500,iwls-nuts,FALSE
61,ptm,1000,iwls-nuts,FALSE
62,gaussian,250,iwls-nuts,FALSE
62,gaussian,500,iwls-nuts,FALSE
62,gaussian,1000,iwls-nuts,FALSE
62,mixture,250,iwls-nuts,FALSE
62,mixture,500,iwls-nuts,FALSE
62,mixture,1000,iwls-nuts,FALSE
62,skewnorm,250,iwls-nuts,FALSE
62,skewnorm,500,iwls-nuts,FALSE
62,skewnorm,1000,iwls-nuts,FALSE
62,ptm,250,iwls-nuts,FALSE
62,ptm,500,iwls-nuts,FALSE
62,ptm,1000,iwls-nuts,FALSE
63,gaussian,250,iwls-nuts,FALSE
63,gaussian,500,iwls-nuts,FALSE
63,gaussian,1000,iwls-nuts,FALSE
63,mixture,250,iwls-nuts,FALSE
63,mixture,500,iwls-nuts,FALSE
63,mixture,1000,iwls-nuts,FALSE
63,skewnorm,250,iwls-nuts,FALSE
63,skewnorm,500,iwls-nuts,FALSE
63,skewnorm,1000,iwls-nuts,FALSE
63,ptm,250,iwls-nuts,FALSE
63,ptm,500,iwls-nuts,FALSE
63,ptm,1000,iwls-nuts,FALSE
64,gaussian,250,iwls-nuts,FALSE
64,gaussian,500,iwls-nuts,FALSE
64,gaussian,1000,iwls-nuts,FALSE
64,mixture,250,iwls-nuts,FALSE
64,mixture,500,iwls-nuts,FALSE
64,mixture,1000,iwls-nuts,FALSE
64,skewnorm,250,iwls-nuts,FALSE
64,skewnorm,500,iwls-nuts,FALSE
64,skewnorm,1000,iwls-nuts,FALSE
64,ptm,250,iwls-nuts,FALSE
64,ptm,500,iwls-nuts,FALSE
64,ptm,1000,iwls-nuts,FALSE
65,gaussian,250,iwls-nuts,FALSE
65,gaussian,500,iwls-nuts,FALSE
65,gaussian,1000,iwls-nuts,FALSE
65,mixture,250,iwls-nuts,FALSE
65,mixture,500,iwls-nuts,FALSE
65,mixture,1000,iwls-nuts,FALSE
65,skewnorm,250,iwls-nuts,FALSE
65,skewnorm,500,iwls-nuts,FALSE
65,skewnorm,1000,iwls-nuts,FALSE
65,ptm,250,iwls-nuts,FALSE
65,ptm,500,iwls-nuts,FALSE
65,ptm,1000,iwls-nuts,FALSE
66,gaussian,250,iwls-nuts,FALSE
66,gaussian,500,iwls-nuts,FALSE
66,gaussian,1000,iwls-nuts,FALSE
66,mixture,250,iwls-nuts,FALSE
66,mixture,500,iwls-nuts,FALSE
66,mixture,1000,iwls-nuts,FALSE
66,skewnorm,250,iwls-nuts,FALSE
66,skewnorm,500,iwls-nuts,FALSE
66,skewnorm,1000,iwls-nuts,FALSE
66,ptm,250,iwls-nuts,FALSE
66,ptm,500,iwls-nuts,FALSE
66,ptm,1000,iwls-nuts,FALSE
67,gaussian,250,iwls-nuts,FALSE
67,gaussian,500,iwls-nuts,FALSE
67,gaussian,1000,iwls-nuts,FALSE
67,mixture,250,iwls-nuts,FALSE
67,mixture,500,iwls-nuts,FALSE
67,mixture,1000,iwls-nuts,FALSE
67,skewnorm,250,iwls-nuts,FALSE
67,skewnorm,500,iwls-nuts,FALSE
67,skewnorm,1000,iwls-nuts,FALSE
67,ptm,250,iwls-nuts,FALSE
67,ptm,500,iwls-nuts,FALSE
67,ptm,1000,iwls-nuts,FALSE
68,gaussian,250,iwls-nuts,FALSE
68,gaussian,500,iwls-nuts,FALSE
68,gaussian,1000,iwls-nuts,FALSE
68,mixture,250,iwls-nuts,FALSE
68,mixture,500,iwls-nuts,FALSE
68,mixture,1000,iwls-nuts,FALSE
68,skewnorm,250,iwls-nuts,FALSE
68,skewnorm,500,iwls-nuts,FALSE
68,skewnorm,1000,iwls-nuts,FALSE
68,ptm,250,iwls-nuts,FALSE
68,ptm,500,iwls-nuts,FALSE
68,ptm,1000,iwls-nuts,FALSE
69,gaussian,250,iwls-nuts,FALSE
69,gaussian,500,iwls-nuts,FALSE
69,gaussian,1000,iwls-nuts,FALSE
69,mixture,250,iwls-nuts,FALSE
69,mixture,500,iwls-nuts,FALSE
69,mixture,1000,iwls-nuts,FALSE
69,skewnorm,250,iwls-nuts,FALSE
69,skewnorm,500,iwls-nuts,FALSE
69,skewnorm,1000,iwls-nuts,FALSE
69,ptm,250,iwls-nuts,FALSE
69,ptm,500,iwls-nuts,FALSE
69,ptm,1000,iwls-nuts,FALSE
70,gaussian,250,iwls-nuts,FALSE
70,gaussian,500,iwls-nuts,FALSE
70,gaussian,1000,iwls-nuts,FALSE
70,mixture,250,iwls-nuts,FALSE
70,mixture,500,iwls-nuts,FALSE
70,mixture,1000,iwls-nuts,FALSE
70,skewnorm,250,iwls-nuts,FALSE
70,skewnorm,500,iwls-nuts,FALSE
70,skewnorm,1000,iwls-nuts,FALSE
70,ptm,250,iwls-nuts,FALSE
70,ptm,500,iwls-nuts,FALSE
70,ptm,1000,iwls-nuts,FALSE
71,gaussian,250,iwls-nuts,FALSE
71,gaussian,500,iwls-nuts,FALSE
71,gaussian,1000,iwls-nuts,FALSE
71,mixture,250,iwls-nuts,FALSE
71,mixture,500,iwls-nuts,FALSE
71,mixture,1000,iwls-nuts,FALSE
71,skewnorm,250,iwls-nuts,FALSE
71,skewnorm,500,iwls-nuts,FALSE
71,skewnorm,1000,iwls-nuts,FALSE
71,ptm,250,iwls-nuts,FALSE
71,ptm,500,iwls-nuts,FALSE
71,ptm,1000,iwls-nuts,FALSE
72,gaussian,250,iwls-nuts,FALSE
72,gaussian,500,iwls-nuts,FALSE
72,gaussian,1000,iwls-nuts,FALSE
72,mixture,250,iwls-nuts,FALSE
72,mixture,500,iwls-nuts,FALSE
72,mixture,1000,iwls-nuts,FALSE
72,skewnorm,250,iwls-nuts,FALSE
72,skewnorm,500,iwls-nuts,FALSE
72,skewnorm,1000,iwls-nuts,FALSE
72,ptm,250,iwls-nuts,FALSE
72,ptm,500,iwls-nuts,FALSE
72,ptm,1000,iwls-nuts,FALSE
73,gaussian,250,iwls-nuts,FALSE
73,gaussian,500,iwls-nuts,FALSE
73,gaussian,1000,iwls-nuts,FALSE
73,mixture,250,iwls-nuts,FALSE
73,mixture,500,iwls-nuts,FALSE
73,mixture,1000,iwls-nuts,FALSE
73,skewnorm,250,iwls-nuts,FALSE
73,skewnorm,500,iwls-nuts,FALSE
73,skewnorm,1000,iwls-nuts,FALSE
73,ptm,250,iwls-nuts,FALSE
73,ptm,500,iwls-nuts,FALSE
73,ptm,1000,iwls-nuts,FALSE
74,gaussian,250,iwls-nuts,FALSE
74,gaussian,500,iwls-nuts,FALSE
74,gaussian,1000,iwls-nuts,FALSE
74,mixture,250,iwls-nuts,FALSE
74,mixture,500,iwls-nuts,FALSE
74,mixture,1000,iwls-nuts,FALSE
74,skewnorm,250,iwls-nuts,FALSE
74,skewnorm,500,iwls-nuts,FALSE
74,skewnorm,1000,iwls-nuts,FALSE
74,ptm,250,iwls-nuts,FALSE
74,ptm,500,iwls-nuts,FALSE
74,ptm,1000,iwls-nuts,FALSE
75,gaussian,250,iwls-nuts,FALSE
75,gaussian,500,iwls-nuts,FALSE
75,gaussian,1000,iwls-nuts,FALSE
75,mixture,250,iwls-nuts,FALSE
75,mixture,500,iwls-nuts,FALSE
75,mixture,1000,iwls-nuts,FALSE
75,skewnorm,250,iwls-nuts,FALSE
75,skewnorm,500,iwls-nuts,FALSE
75,skewnorm,1000,iwls-nuts,FALSE
75,ptm,250,iwls-nuts,FALSE
75,ptm,500,iwls-nuts,FALSE
75,ptm,1000,iwls-nuts,FALSE
76,gaussian,250,iwls-nuts,FALSE
76,gaussian,500,iwls-nuts,FALSE
76,gaussian,1000,iwls-nuts,FALSE
76,mixture,250,iwls-nuts,FALSE
76,mixture,500,iwls-nuts,FALSE
76,mixture,1000,iwls-nuts,FALSE
76,skewnorm,250,iwls-nuts,FALSE
76,skewnorm,500,iwls-nuts,FALSE
76,skewnorm,1000,iwls-nuts,FALSE
76,ptm,250,iwls-nuts,FALSE
76,ptm,500,iwls-nuts,FALSE
76,ptm,1000,iwls-nuts,FALSE
77,gaussian,250,iwls-nuts,FALSE
77,gaussian,500,iwls-nuts,FALSE
77,gaussian,1000,iwls-nuts,FALSE
77,mixture,250,iwls-nuts,FALSE
77,mixture,500,iwls-nuts,FALSE
77,mixture,1000,iwls-nuts,FALSE
77,skewnorm,250,iwls-nuts,FALSE
77,skewnorm,500,iwls-nuts,FALSE
77,skewnorm,1000,iwls-nuts,FALSE
77,ptm,250,iwls-nuts,FALSE
77,ptm,500,iwls-nuts,FALSE
77,ptm,1000,iwls-nuts,FALSE
78,gaussian,250,iwls-nuts,FALSE
78,gaussian,500,iwls-nuts,FALSE
78,gaussian,1000,iwls-nuts,FALSE
78,mixture,250,iwls-nuts,FALSE
78,mixture,500,iwls-nuts,FALSE
78,mixture,1000,iwls-nuts,FALSE
78,skewnorm,250,iwls-nuts,FALSE
78,skewnorm,500,iwls-nuts,FALSE
78,skewnorm,1000,iwls-nuts,FALSE
78,ptm,250,iwls-nuts,FALSE
78,ptm,500,iwls-nuts,FALSE
78,ptm,1000,iwls-nuts,FALSE
79,gaussian,250,iwls-nuts,FALSE
79,gaussian,500,iwls-nuts,FALSE
79,gaussian,1000,iwls-nuts,FALSE
79,mixture,250,iwls-nuts,FALSE
79,mixture,500,iwls-nuts,FALSE
79,mixture,1000,iwls-nuts,FALSE
79,skewnorm,250,iwls-nuts,FALSE
79,skewnorm,500,iwls-nuts,FALSE
79,skewnorm,1000,iwls-nuts,FALSE
79,ptm,250,iwls-nuts,FALSE
79,ptm,500,iwls-nuts,FALSE
79,ptm,1000,iwls-nuts,FALSE
80,gaussian,250,iwls-nuts,FALSE
80,gaussian,500,iwls-nuts,FALSE
80,gaussian,1000,iwls-nuts,FALSE
80,mixture,250,iwls-nuts,FALSE
80,mixture,500,iwls-nuts,FALSE
80,mixture,1000,iwls-nuts,FALSE
80,skewnorm,250,iwls-nuts,FALSE
80,skewnorm,500,iwls-nuts,FALSE
80,skewnorm,1000,iwls-nuts,FALSE
80,ptm,250,iwls-nuts,FALSE
80,ptm,500,iwls-nuts,FALSE
80,ptm,1000,iwls-nuts,FALSE
81,gaussian,250,iwls-nuts,FALSE
81,gaussian,500,iwls-nuts,FALSE
81,gaussian,1000,iwls-nuts,FALSE
81,mixture,250,iwls-nuts,FALSE
81,mixture,500,iwls-nuts,FALSE
81,mixture,1000,iwls-nuts,FALSE
81,skewnorm,250,iwls-nuts,FALSE
81,skewnorm,500,iwls-nuts,FALSE
81,skewnorm,1000,iwls-nuts,FALSE
81,ptm,250,iwls-nuts,FALSE
81,ptm,500,iwls-nuts,FALSE
81,ptm,1000,iwls-nuts,FALSE
82,gaussian,250,iwls-nuts,FALSE
82,gaussian,500,iwls-nuts,FALSE
82,gaussian,1000,iwls-nuts,FALSE
82,mixture,250,iwls-nuts,FALSE
82,mixture,500,iwls-nuts,FALSE
82,mixture,1000,iwls-nuts,FALSE
82,skewnorm,250,iwls-nuts,FALSE
82,skewnorm,500,iwls-nuts,FALSE
82,skewnorm,1000,iwls-nuts,FALSE
82,ptm,250,iwls-nuts,FALSE
82,ptm,500,iwls-nuts,FALSE
82,ptm,1000,iwls-nuts,FALSE
83,gaussian,250,iwls-nuts,FALSE
83,gaussian,500,iwls-nuts,FALSE
83,gaussian,1000,iwls-nuts,FALSE
83,mixture,250,iwls-nuts,FALSE
83,mixture,500,iwls-nuts,FALSE
83,mixture,1000,iwls-nuts,FALSE
83,skewnorm,250,iwls-nuts,FALSE
83,skewnorm,500,iwls-nuts,FALSE
83,skewnorm,1000,iwls-nuts,FALSE
83,ptm,250,iwls-nuts,FALSE
83,ptm,500,iwls-nuts,FALSE
83,ptm,1000,iwls-nuts,FALSE
84,gaussian,250,iwls-nuts,FALSE
84,gaussian,500,iwls-nuts,FALSE
84,gaussian,1000,iwls-nuts,FALSE
84,mixture,250,iwls-nuts,FALSE
84,mixture,500,iwls-nuts,FALSE
84,mixture,1000,iwls-nuts,FALSE
84,skewnorm,250,iwls-nuts,FALSE
84,skewnorm,500,iwls-nuts,FALSE
84,skewnorm,1000,iwls-nuts,FALSE
84,ptm,250,iwls-nuts,FALSE
84,ptm,500,iwls-nuts,FALSE
84,ptm,1000,iwls-nuts,FALSE
85,gaussian,250,iwls-nuts,FALSE
85,gaussian,500,iwls-nuts,FALSE
85,gaussian,1000,iwls-nuts,FALSE
85,mixture,250,iwls-nuts,FALSE
85,mixture,500,iwls-nuts,FALSE
85,mixture,1000,iwls-nuts,FALSE
85,skewnorm,250,iwls-nuts,FALSE
85,skewnorm,500,iwls-nuts,FALSE
85,skewnorm,1000,iwls-nuts,FALSE
85,ptm,250,iwls-nuts,FALSE
85,ptm,500,iwls-nuts,FALSE
85,ptm,1000,iwls-nuts,FALSE
86,gaussian,250,iwls-nuts,FALSE
86,gaussian,500,iwls-nuts,FALSE
86,gaussian,1000,iwls-nuts,FALSE
86,mixture,250,iwls-nuts,FALSE
86,mixture,500,iwls-nuts,FALSE
86,mixture,1000,iwls-nuts,FALSE
86,skewnorm,250,iwls-nuts,FALSE
86,skewnorm,500,iwls-nuts,FALSE
86,skewnorm,1000,iwls-nuts,FALSE
86,ptm,250,iwls-nuts,FALSE
86,ptm,500,iwls-nuts,FALSE
86,ptm,1000,iwls-nuts,FALSE
87,gaussian,250,iwls-nuts,FALSE
87,gaussian,500,iwls-nuts,FALSE
87,gaussian,1000,iwls-nuts,FALSE
87,mixture,250,iwls-nuts,FALSE
87,mixture,500,iwls-nuts,FALSE
87,mixture,1000,iwls-nuts,FALSE
87,skewnorm,250,iwls-nuts,FALSE
87,skewnorm,500,iwls-nuts,FALSE
87,skewnorm,1000,iwls-nuts,FALSE
87,ptm,250,iwls-nuts,FALSE
87,ptm,500,iwls-nuts,FALSE
87,ptm,1000,iwls-nuts,FALSE
88,gaussian,250,iwls-nuts,FALSE
88,gaussian,500,iwls-nuts,FALSE
88,gaussian,1000,iwls-nuts,FALSE
88,mixture,250,iwls-nuts,FALSE
88,mixture,500,iwls-nuts,FALSE
88,mixture,1000,iwls-nuts,FALSE
88,skewnorm,250,iwls-nuts,FALSE
88,skewnorm,500,iwls-nuts,FALSE
88,skewnorm,1000,iwls-nuts,FALSE
88,ptm,250,iwls-nuts,FALSE
88,ptm,500,iwls-nuts,FALSE
88,ptm,1000,iwls-nuts,FALSE
89,gaussian,250,iwls-nuts,FALSE
89,gaussian,500,iwls-nuts,FALSE
89,gaussian,1000,iwls-nuts,FALSE
89,mixture,250,iwls-nuts,FALSE
89,mixture,500,iwls-nuts,FALSE
89,mixture,1000,iwls-nuts,FALSE
89,skewnorm,250,iwls-nuts,FALSE
89,skewnorm,500,iwls-nuts,FALSE
89,skewnorm,1000,iwls-nuts,FALSE
89,ptm,250,iwls-nuts,FALSE
89,ptm,500,iwls-nuts,FALSE
89,ptm,1000,iwls-nuts,FALSE
90,gaussian,250,iwls-nuts,FALSE
90,gaussian,500,iwls-nuts,FALSE
90,gaussian,1000,iwls-nuts,FALSE
90,mixture,250,iwls-nuts,FALSE
90,mixture,500,iwls-nuts,FALSE
90,mixture,1000,iwls-nuts,FALSE
90,skewnorm,250,iwls-nuts,FALSE
90,skewnorm,500,iwls-nuts,FALSE
90,skewnorm,1000,iwls-nuts,FALSE
90,ptm,250,iwls-nuts,FALSE
90,ptm,500,iwls-nuts,FALSE
90,ptm,1000,iwls-nuts,FALSE
91,gaussian,250,iwls-nuts,FALSE
91,gaussian,500,iwls-nuts,FALSE
91,gaussian,1000,iwls-nuts,FALSE
91,mixture,250,iwls-nuts,FALSE
91,mixture,500,iwls-nuts,FALSE
91,mixture,1000,iwls-nuts,FALSE
91,skewnorm,250,iwls-nuts,FALSE
91,skewnorm,500,iwls-nuts,FALSE
91,skewnorm,1000,iwls-nuts,FALSE
91,ptm,250,iwls-nuts,FALSE
91,ptm,500,iwls-nuts,FALSE
91,ptm,1000,iwls-nuts,FALSE
92,gaussian,250,iwls-nuts,FALSE
92,gaussian,500,iwls-nuts,FALSE
92,gaussian,1000,iwls-nuts,FALSE
92,mixture,250,iwls-nuts,FALSE
92,mixture,500,iwls-nuts,FALSE
92,mixture,1000,iwls-nuts,FALSE
92,skewnorm,250,iwls-nuts,FALSE
92,skewnorm,500,iwls-nuts,FALSE
92,skewnorm,1000,iwls-nuts,FALSE
92,ptm,250,iwls-nuts,FALSE
92,ptm,500,iwls-nuts,FALSE
92,ptm,1000,iwls-nuts,FALSE
93,gaussian,250,iwls-nuts,FALSE
93,gaussian,500,iwls-nuts,FALSE
93,gaussian,1000,iwls-nuts,FALSE
93,mixture,250,iwls-nuts,FALSE
93,mixture,500,iwls-nuts,FALSE
93,mixture,1000,iwls-nuts,FALSE
93,skewnorm,250,iwls-nuts,FALSE
93,skewnorm,500,iwls-nuts,FALSE
93,skewnorm,1000,iwls-nuts,FALSE
93,ptm,250,iwls-nuts,FALSE
93,ptm,500,iwls-nuts,FALSE
93,ptm,1000,iwls-nuts,FALSE
94,gaussian,250,iwls-nuts,FALSE
94,gaussian,500,iwls-nuts,FALSE
94,gaussian,1000,iwls-nuts,FALSE
94,mixture,250,iwls-nuts,FALSE
94,mixture,500,iwls-nuts,FALSE
94,mixture,1000,iwls-nuts,FALSE
94,skewnorm,250,iwls-nuts,FALSE
94,skewnorm,500,iwls-nuts,FALSE
94,skewnorm,1000,iwls-nuts,FALSE
94,ptm,250,iwls-nuts,FALSE
94,ptm,500,iwls-nuts,FALSE
94,ptm,1000,iwls-nuts,FALSE
95,gaussian,250,iwls-nuts,FALSE
95,gaussian,500,iwls-nuts,FALSE
95,gaussian,1000,iwls-nuts,FALSE
95,mixture,250,iwls-nuts,FALSE
95,mixture,500,iwls-nuts,FALSE
95,mixture,1000,iwls-nuts,FALSE
95,skewnorm,250,iwls-nuts,FALSE
95,skewnorm,500,iwls-nuts,FALSE
95,skewnorm,1000,iwls-nuts,FALSE
95,ptm,250,iwls-nuts,FALSE
95,ptm,500,iwls-nuts,FALSE
95,ptm,1000,iwls-nuts,FALSE
96,gaussian,250,iwls-nuts,FALSE
96,gaussian,500,iwls-nuts,FALSE
96,gaussian,1000,iwls-nuts,FALSE
96,mixture,250,iwls-nuts,FALSE
96,mixture,500,iwls-nuts,FALSE
96,mixture,1000,iwls-nuts,FALSE
96,skewnorm,250,iwls-nuts,FALSE
96,skewnorm,500,iwls-nuts,FALSE
96,skewnorm,1000,iwls-nuts,FALSE
96,ptm,250,iwls-nuts,FALSE
96,ptm,500,iwls-nuts,FALSE
96,ptm,1000,iwls-nuts,FALSE
97,gaussian,250,iwls-nuts,FALSE
97,gaussian,500,iwls-nuts,FALSE
97,gaussian,1000,iwls-nuts,FALSE
97,mixture,250,iwls-nuts,FALSE
97,mixture,500,iwls-nuts,FALSE
97,mixture,1000,iwls-nuts,FALSE
97,skewnorm,250,iwls-nuts,FALSE
97,skewnorm,500,iwls-nuts,FALSE
97,skewnorm,1000,iwls-nuts,FALSE
97,ptm,250,iwls-nuts,FALSE
97,ptm,500,iwls-nuts,FALSE
97,ptm,1000,iwls-nuts,FALSE
98,gaussian,250,iwls-nuts,FALSE
98,gaussian,500,iwls-nuts,FALSE
98,gaussian,1000,iwls-nuts,FALSE
98,mixture,250,iwls-nuts,FALSE
98,mixture,500,iwls-nuts,FALSE
98,mixture,1000,iwls-nuts,FALSE
98,skewnorm,250,iwls-nuts,FALSE
98,skewnorm,500,iwls-nuts,FALSE
98,skewnorm,1000,iwls-nuts,FALSE
98,ptm,250,iwls-nuts,FALSE
98,ptm,500,iwls-nuts,FALSE
98,ptm,1000,iwls-nuts,FALSE
99,gaussian,250,iwls-nuts,FALSE
99,gaussian,500,iwls-nuts,FALSE
99,gaussian,1000,iwls-nuts,FALSE
99,mixture,250,iwls-nuts,FALSE
99,mixture,500,iwls-nuts,FALSE
99,mixture,1000,iwls-nuts,FALSE
99,skewnorm,250,iwls-nuts,FALSE
99,skewnorm,500,iwls-nuts,FALSE
99,skewnorm,1000,iwls-nuts,FALSE
99,ptm,250,iwls-nuts,FALSE
99,ptm,500,iwls-nuts,FALSE
99,ptm,1000,iwls-nuts,FALSE
100,gaussian,250,iwls-nuts,FALSE
100,gaussian,500,iwls-nuts,FALSE
100,gaussian,1000,iwls-nuts,FALSE
100,mixture,250,iwls-nuts,FALSE
100,mixture,500,iwls-nuts,FALSE
100,mixture,1000,iwls-nuts,FALSE
100,skewnorm,250,iwls-nuts,FALSE
100,skewnorm,500,iwls-nuts,FALSE
100,skewnorm,1000,iwls-nuts,FALSE
100,ptm,250,iwls-nuts,FALSE
100,ptm,500,iwls-nuts,FALSE
100,ptm,1000,iwls-nuts,FALSE
