data_seed,data_type,ntrain,mcmc_strategy,apply_jitter,igprior
1,gaussian,250,iwls-nuts,FALSE,"1,0.005"
1,gaussian,250,iwls-nuts,FALSE,"0.01,0.01"
1,gaussian,500,iwls-nuts,FALSE,"1,0.005"
1,gaussian,500,iwls-nuts,FALSE,"0.01,0.01"
1,mixture,250,iwls-nuts,FALSE,"1,0.005"
1,mixture,250,iwls-nuts,FALSE,"0.01,0.01"
1,mixture,500,iwls-nuts,FALSE,"1,0.005"
1,mixture,500,iwls-nuts,FALSE,"0.01,0.01"
1,skewnorm,250,iwls-nuts,FALSE,"1,0.005"
1,skewnorm,250,iwls-nuts,FALSE,"0.01,0.01"
1,skewnorm,500,iwls-nuts,FALSE,"1,0.005"
1,skewnorm,500,iwls-nuts,FALSE,"0.01,0.01"
1,ptm,250,iwls-nuts,FALSE,"1,0.005"
1,ptm,250,iwls-nuts,FALSE,"0.01,0.01"
1,ptm,500,iwls-nuts,FALSE,"1,0.005"
1,ptm,500,iwls-nuts,FALSE,"0.01,0.01"
2,gaussian,250,iwls-nuts,FALSE,"1,0.005"
2,gaussian,250,iwls-nuts,FALSE,"0.01,0.01"
2,gaussian,500,iwls-nuts,FALSE,"1,0.005"
2,gaussian,500,iwls-nuts,FALSE,"0.01,0.01"
2,mixture,250,iwls-nuts,FALSE,"1,0.005"
2,mixture,250,iwls-nuts,FALSE,"0.01,0.01"
2,mixture,500,iwls-nuts,FALSE,"1,0.005"
2,mixture,500,iwls-nuts,FALSE,"0.01,0.01"
2,skewnorm,250,iwls-nuts,FALSE,"1,0.005"
2,skewnorm,250,iwls-nuts,FALSE,"0.01,0.01"
2,skewnorm,500,iwls-nuts,FALSE,"1,0.005"
2,skewnorm,500,iwls-nuts,FALSE,"0.01,0.01"
2,ptm,250,iwls-nuts,FALSE,"1,0.005"
2,ptm,250,iwls-nuts,FALSE,"0.01,0.01"
2,ptm,500,iwls-nuts,FALSE,"1,0.005"
2,ptm,500,iwls-nuts,FALSE,"0.01,0.01"
3,gaussian,250,iwls-nuts,FALSE,"1,0.005"
3,gaussian,250,iwls-nuts,FALSE,"0.01,0.01"
3,gaussian,500,iwls-nuts,FALSE,"1,0.005"
3,gaussian,500,iwls-nuts,FALSE,"0.01,0.01"
3,mixture,250,iwls-nuts,FALSE,"1,0.005"
3,mixture,250,iwls-nuts,FALSE,"0.01,0.01"
3,mixture,500,iwls-nuts,FALSE,"1,0.005"
3,mixture,500,iwls-nuts,FALSE,"0.01,0.01"
3,skewnorm,250,iwls-nuts,FALSE,"1,0.005"
3,skewnorm,250,iwls-nuts,FALSE,"0.01,0.01"
3,skewnorm,500,iwls-nuts,FALSE,"1,0.005"
3,skewnorm,500,iwls-nuts,FALSE,"0.01,0.01"
3,ptm,250,iwls-nuts,FALSE,"1,0.005"
3,ptm,250,iwls-nuts,FALSE,"0.01,0.01"
3,ptm,500,iwls-nuts,FALSE,"1,0.005"
3,ptm,500,iwls-nuts,FALSE,"0.01,0.01"
4,gaussian,250,iwls-nuts,FALSE,"1,0.005"
4,gaussian,250,iwls-nuts,FALSE,"0.01,0.01"
4,gaussian,500,iwls-nuts,FALSE,"1,0.005"
4,gaussian,500,iwls-nuts,FALSE,"0.01,0.01"
4,mixture,250,iwls-nuts,FALSE,"1,0.005"
4,mixture,250,iwls-nuts,FALSE,"0.01,0.01"
4,mixture,500,iwls-nuts,FALSE,"1,0.005"
4,mixture,500,iwls-nuts,FALSE,"0.01,0.01"
4,skewnorm,250,iwls-nuts,FALSE,"1,0.005"
4,skewnorm,250,iwls-nuts,FALSE,"0.01,0.01"
4,skewnorm,500,iwls-nuts,FALSE,"1,0.005"
4,skewnorm,500,iwls-nuts,FALSE,"0.01,0.01"
4,ptm,250,iwls-nuts,FALSE,"1,0.005"
4,ptm,250,iwls-nuts,FALSE,"0.01,0.01"
4,ptm,500,iwls-nuts,FALSE,"1,0.005"
4,ptm,500,iwls-nuts,FALSE,"0.01,0.01"
5,gaussian,250,iwls-nuts,FALSE,"1,0.005"
5,gaussian,250,iwls-nuts,FALSE,"0.01,0.01"
5,gaussian,500,iwls-nuts,FALSE,"1,0.005"
5,gaussian,500,iwls-nuts,FALSE,"0.01,0.01"
5,mixture,250,iwls-nuts,FALSE,"1,0.005"
5,mixture,250,iwls-nuts,FALSE,"0.01,0.01"
5,mixture,500,iwls-nuts,FALSE,"1,0.005"
5,mixture,500,iwls-nuts,FALSE,"0.01,0.01"
5,skewnorm,250,iwls-nuts,FALSE,"1,0.005"
5,skewnorm,250,iwls-nuts,FALSE,"0.01,0.01"
5,skewnorm,500,iwls-nuts,FALSE,"1,0.005"
5,skewnorm,500,iwls-nuts,FALSE,"0.01,0.01"
5,ptm,250,iwls-nuts,FALSE,"1,0.005"
5,ptm,250,iwls-nuts,FALSE,"0.01,0.01"
5,ptm,500,iwls-nuts,FALSE,"1,0.005"
5,ptm,500,iwls-nuts,FALSE,"0.01,0.01"
6,gaussian,250,iwls-nuts,FALSE,"1,0.005"
6,gaussian,250,iwls-nuts,FALSE,"0.01,0.01"
6,gaussian,500,iwls-nuts,FALSE,"1,0.005"
6,gaussian,500,iwls-nuts,FALSE,"0.01,0.01"
6,mixture,250,iwls-nuts,FALSE,"1,0.005"
6,mixture,250,iwls-nuts,FALSE,"0.01,0.01"
6,mixture,500,iwls-nuts,FALSE,"1,0.005"
6,mixture,500,iwls-nuts,FALSE,"0.01,0.01"
6,skewnorm,250,iwls-nuts,FALSE,"1,0.005"
6,skewnorm,250,iwls-nuts,FALSE,"0.01,0.01"
6,skewnorm,500,iwls-nuts,FALSE,"1,0.005"
6,skewnorm,500,iwls-nuts,FALSE,"0.01,0.01"
6,ptm,250,iwls-nuts,FALSE,"1,0.005"
6,ptm,250,iwls-nuts,FALSE,"0.01,0.01"
6,ptm,500,iwls-nuts,FALSE,"1,0.005"
6,ptm,500,iwls-nuts,FALSE,"0.01,0.01"
7,gaussian,250,iwls-nuts,FALSE,"1,0.005"
7,gaussian,250,iwls-nuts,FALSE,"0.01,0.01"
7,gaussian,500,iwls-nuts,FALSE,"1,0.005"
7,gaussian,500,iwls-nuts,FALSE,"0.01,0.01"
7,mixture,250,iwls-nuts,FALSE,"1,0.005"
7,mixture,250,iwls-nuts,FALSE,"0.01,0.01"
7,mixture,500,iwls-nuts,FALSE,"1,0.005"
7,mixture,500,iwls-nuts,FALSE,"0.01,0.01"
7,skewnorm,250,iwls-nuts,FALSE,"1,0.005"
7,skewnorm,250,iwls-nuts,FALSE,"0.01,0.01"
7,skewnorm,500,iwls-nuts,FALSE,"1,0.005"
7,skewnorm,500,iwls-nuts,FALSE,"0.01,0.01"
7,ptm,250,iwls-nuts,FALSE,"1,0.005"
7,ptm,250,iwls-nuts,FALSE,"0.01,0.01"
7,ptm,500,iwls-nuts,FALSE,"1,0.005"
7,ptm,500,iwls-nuts,FALSE,"0.01,0.01"
8,gaussian,250,iwls-nuts,FALSE,"1,0.005"
8,gaussian,250,iwls-nuts,FALSE,"0.01,0.01"
8,gaussian,500,iwls-nuts,FALSE,"1,0.005"
8,gaussian,500,iwls-nuts,FALSE,"0.01,0.01"
8,mixture,250,iwls-nuts,FALSE,"1,0.005"
8,mixture,250,iwls-nuts,FALSE,"0.01,0.01"
8,mixture,500,iwls-nuts,FALSE,"1,0.005"
8,mixture,500,iwls-nuts,FALSE,"0.01,0.01"
8,skewnorm,250,iwls-nuts,FALSE,"1,0.005"
8,skewnorm,250,iwls-nuts,FALSE,"0.01,0.01"
8,skewnorm,500,iwls-nuts,FALSE,"1,0.005"
8,skewnorm,500,iwls-nuts,FALSE,"0.01,0.01"
8,ptm,250,iwls-nuts,FALSE,"1,0.005"
8,ptm,250,iwls-nuts,FALSE,"0.01,0.01"
8,ptm,500,iwls-nuts,FALSE,"1,0.005"
8,ptm,500,iwls-nuts,FALSE,"0.01,0.01"
9,gaussian,250,iwls-nuts,FALSE,"1,0.005"
9,gaussian,250,iwls-nuts,FALSE,"0.01,0.01"
9,gaussian,500,iwls-nuts,FALSE,"1,0.005"
9,gaussian,500,iwls-nuts,FALSE,"0.01,0.01"
9,mixture,250,iwls-nuts,FALSE,"1,0.005"
9,mixture,250,iwls-nuts,FALSE,"0.01,0.01"
9,mixture,500,iwls-nuts,FALSE,"1,0.005"
9,mixture,500,iwls-nuts,FALSE,"0.01,0.01"
9,skewnorm,250,iwls-nuts,FALSE,"1,0.005"
9,skewnorm,250,iwls-nuts,FALSE,"0.01,0.01"
9,skewnorm,500,iwls-nuts,FALSE,"1,0.005"
9,skewnorm,500,iwls-nuts,FALSE,"0.01,0.01"
9,ptm,250,iwls-nuts,FALSE,"1,0.005"
9,ptm,250,iwls-nuts,FALSE,"0.01,0.01"
9,ptm,500,iwls-nuts,FALSE,"1,0.005"
9,ptm,500,iwls-nuts,FALSE,"0.01,0.01"
10,gaussian,250,iwls-nuts,FALSE,"1,0.005"
10,gaussian,250,iwls-nuts,FALSE,"0.01,0.01"
10,gaussian,500,iwls-nuts,FALSE,"1,0.005"
10,gaussian,500,iwls-nuts,FALSE,"0.01,0.01"
10,mixture,250,iwls-nuts,FALSE,"1,0.005"
10,mixture,250,iwls-nuts,FALSE,"0.01,0.01"
10,mixture,500,iwls-nuts,FALSE,"1,0.005"
10,mixture,500,iwls-nuts,FALSE,"0.01,0.01"
10,skewnorm,250,iwls-nuts,FALSE,"1,0.005"
10,skewnorm,250,iwls-nuts,FALSE,"0.01,0.01"
10,skewnorm,500,iwls-nuts,FALSE,"1,0.005"
10,skewnorm,500,iwls-nuts,FALSE,"0.01,0.01"
10,ptm,250,iwls-nuts,FALSE,"1,0.005"
10,ptm,250,iwls-nuts,FALSE,"0.01,0.01"
10,ptm,500,iwls-nuts,FALSE,"1,0.005"
10,ptm,500,iwls-nuts,FALSE,"0.01,0.01"
11,gaussian,250,iwls-nuts,FALSE,"1,0.005"
11,gaussian,250,iwls-nuts,FALSE,"0.01,0.01"
11,gaussian,500,iwls-nuts,FALSE,"1,0.005"
11,gaussian,500,iwls-nuts,FALSE,"0.01,0.01"
11,mixture,250,iwls-nuts,FALSE,"1,0.005"
11,mixture,250,iwls-nuts,FALSE,"0.01,0.01"
11,mixture,500,iwls-nuts,FALSE,"1,0.005"
11,mixture,500,iwls-nuts,FALSE,"0.01,0.01"
11,skewnorm,250,iwls-nuts,FALSE,"1,0.005"
11,skewnorm,250,iwls-nuts,FALSE,"0.01,0.01"
11,skewnorm,500,iwls-nuts,FALSE,"1,0.005"
11,skewnorm,500,iwls-nuts,FALSE,"0.01,0.01"
11,ptm,250,iwls-nuts,FALSE,"1,0.005"
11,ptm,250,iwls-nuts,FALSE,"0.01,0.01"
11,ptm,500,iwls-nuts,FALSE,"1,0.005"
11,ptm,500,iwls-nuts,FALSE,"0.01,0.01"
12,gaussian,250,iwls-nuts,FALSE,"1,0.005"
12,gaussian,250,iwls-nuts,FALSE,"0.01,0.01"
12,gaussian,500,iwls-nuts,FALSE,"1,0.005"
12,gaussian,500,iwls-nuts,FALSE,"0.01,0.01"
12,mixture,250,iwls-nuts,FALSE,"1,0.005"
12,mixture,250,iwls-nuts,FALSE,"0.01,0.01"
12,mixture,500,iwls-nuts,FALSE,"1,0.005"
12,mixture,500,iwls-nuts,FALSE,"0.01,0.01"
12,skewnorm,250,iwls-nuts,FALSE,"1,0.005"
12,skewnorm,250,iwls-nuts,FALSE,"0.01,0.01"
12,skewnorm,500,iwls-nuts,FALSE,"1,0.005"
12,skewnorm,500,iwls-nuts,FALSE,"0.01,0.01"
12,ptm,250,iwls-nuts,FALSE,"1,0.005"
12,ptm,250,iwls-nuts,FALSE,"0.01,0.01"
12,ptm,500,iwls-nuts,FALSE,"1,0.005"
12,ptm,500,iwls-nuts,FALSE,"0.01,0.01"
13,gaussian,250,iwls-nuts,FALSE,"1,0.005"
13,gaussian,250,iwls-nuts,FALSE,"0.01,0.01"
13,gaussian,500,iwls-nuts,FALSE,"1,0.005"
13,gaussian,500,iwls-nuts,FALSE,"0.01,0.01"
13,mixture,250,iwls-nuts,FALSE,"1,0.005"
13,mixture,250,iwls-nuts,FALSE,"0.01,0.01"
13,mixture,500,iwls-nuts,FALSE,"1,0.005"
13,mixture,500,iwls-nuts,FALSE,"0.01,0.01"
13,skewnorm,250,iwls-nuts,FALSE,"1,0.005"
13,skewnorm,250,iwls-nuts,FALSE,"0.01,0.01"
13,skewnorm,500,iwls-nuts,FALSE,"1,0.005"
13,skewnorm,500,iwls-nuts,FALSE,"0.01,0.01"
13,ptm,250,iwls-nuts,FALSE,"1,0.005"
13,ptm,250,iwls-nuts,FALSE,"0.01,0.01"
13,ptm,500,iwls-nuts,FALSE,"1,0.005"
13,ptm,500,iwls-nuts,FALSE,"0.01,0.01"
14,gaussian,250,iwls-nuts,FALSE,"1,0.005"
14,gaussian,250,iwls-nuts,FALSE,"0.01,0.01"
14,gaussian,500,iwls-nuts,FALSE,"1,0.005"
14,gaussian,500,iwls-nuts,FALSE,"0.01,0.01"
14,mixture,250,iwls-nuts,FALSE,"1,0.005"
14,mixture,250,iwls-nuts,FALSE,"0.01,0.01"
14,mixture,500,iwls-nuts,FALSE,"1,0.005"
14,mixture,500,iwls-nuts,FALSE,"0.01,0.01"
14,skewnorm,250,iwls-nuts,FALSE,"1,0.005"
14,skewnorm,250,iwls-nuts,FALSE,"0.01,0.01"
14,skewnorm,500,iwls-nuts,FALSE,"1,0.005"
14,skewnorm,500,iwls-nuts,FALSE,"0.01,0.01"
14,ptm,250,iwls-nuts,FALSE,"1,0.005"
14,ptm,250,iwls-nuts,FALSE,"0.01,0.01"
14,ptm,500,iwls-nuts,FALSE,"1,0.005"
14,ptm,500,iwls-nuts,FALSE,"0.01,0.01"
15,gaussian,250,iwls-nuts,FALSE,"1,0.005"
15,gaussian,250,iwls-nuts,FALSE,"0.01,0.01"
15,gaussian,500,iwls-nuts,FALSE,"1,0.005"
15,gaussian,500,iwls-nuts,FALSE,"0.01,0.01"
15,mixture,250,iwls-nuts,FALSE,"1,0.005"
15,mixture,250,iwls-nuts,FALSE,"0.01,0.01"
15,mixture,500,iwls-nuts,FALSE,"1,0.005"
15,mixture,500,iwls-nuts,FALSE,"0.01,0.01"
15,skewnorm,250,iwls-nuts,FALSE,"1,0.005"
15,skewnorm,250,iwls-nuts,FALSE,"0.01,0.01"
15,skewnorm,500,iwls-nuts,FALSE,"1,0.005"
15,skewnorm,500,iwls-nuts,FALSE,"0.01,0.01"
15,ptm,250,iwls-nuts,FALSE,"1,0.005"
15,ptm,250,iwls-nuts,FALSE,"0.01,0.01"
15,ptm,500,iwls-nuts,FALSE,"1,0.005"
15,ptm,500,iwls-nuts,FALSE,"0.01,0.01"
16,gaussian,250,iwls-nuts,FALSE,"1,0.005"
16,gaussian,250,iwls-nuts,FALSE,"0.01,0.01"
16,gaussian,500,iwls-nuts,FALSE,"1,0.005"
16,gaussian,500,iwls-nuts,FALSE,"0.01,0.01"
16,mixture,250,iwls-nuts,FALSE,"1,0.005"
16,mixture,250,iwls-nuts,FALSE,"0.01,0.01"
16,mixture,500,iwls-nuts,FALSE,"1,0.005"
16,mixture,500,iwls-nuts,FALSE,"0.01,0.01"
16,skewnorm,250,iwls-nuts,FALSE,"1,0.005"
16,skewnorm,250,iwls-nuts,FALSE,"0.01,0.01"
16,skewnorm,500,iwls-nuts,FALSE,"1,0.005"
16,skewnorm,500,iwls-nuts,FALSE,"0.01,0.01"
16,ptm,250,iwls-nuts,FALSE,"1,0.005"
16,ptm,250,iwls-nuts,FALSE,"0.01,0.01"
16,ptm,500,iwls-nuts,FALSE,"1,0.005"
16,ptm,500,iwls-nuts,FALSE,"0.01,0.01"
17,gaussian,250,iwls-nuts,FALSE,"1,0.005"
17,gaussian,250,iwls-nuts,FALSE,"0.01,0.01"
17,gaussian,500,iwls-nuts,FALSE,"1,0.005"
17,gaussian,500,iwls-nuts,FALSE,"0.01,0.01"
17,mixture,250,iwls-nuts,FALSE,"1,0.005"
17,mixture,250,iwls-nuts,FALSE,"0.01,0.01"
17,mixture,500,iwls-nuts,FALSE,"1,0.005"
17,mixture,500,iwls-nuts,FALSE,"0.01,0.01"
17,skewnorm,250,iwls-nuts,FALSE,"1,0.005"
17,skewnorm,250,iwls-nuts,FALSE,"0.01,0.01"
17,skewnorm,500,iwls-nuts,FALSE,"1,0.005"
17,skewnorm,500,iwls-nuts,FALSE,"0.01,0.01"
17,ptm,250,iwls-nuts,FALSE,"1,0.005"
17,ptm,250,iwls-nuts,FALSE,"0.01,0.01"
17,ptm,500,iwls-nuts,FALSE,"1,0.005"
17,ptm,500,iwls-nuts,FALSE,"0.01,0.01"
18,gaussian,250,iwls-nuts,FALSE,"1,0.005"
18,gaussian,250,iwls-nuts,FALSE,"0.01,0.01"
18,gaussian,500,iwls-nuts,FALSE,"1,0.005"
18,gaussian,500,iwls-nuts,FALSE,"0.01,0.01"
18,mixture,250,iwls-nuts,FALSE,"1,0.005"
18,mixture,250,iwls-nuts,FALSE,"0.01,0.01"
18,mixture,500,iwls-nuts,FALSE,"1,0.005"
18,mixture,500,iwls-nuts,FALSE,"0.01,0.01"
18,skewnorm,250,iwls-nuts,FALSE,"1,0.005"
18,skewnorm,250,iwls-nuts,FALSE,"0.01,0.01"
18,skewnorm,500,iwls-nuts,FALSE,"1,0.005"
18,skewnorm,500,iwls-nuts,FALSE,"0.01,0.01"
18,ptm,250,iwls-nuts,FALSE,"1,0.005"
18,ptm,250,iwls-nuts,FALSE,"0.01,0.01"
18,ptm,500,iwls-nuts,FALSE,"1,0.005"
18,ptm,500,iwls-nuts,FALSE,"0.01,0.01"
19,gaussian,250,iwls-nuts,FALSE,"1,0.005"
19,gaussian,250,iwls-nuts,FALSE,"0.01,0.01"
19,gaussian,500,iwls-nuts,FALSE,"1,0.005"
19,gaussian,500,iwls-nuts,FALSE,"0.01,0.01"
19,mixture,250,iwls-nuts,FALSE,"1,0.005"
19,mixture,250,iwls-nuts,FALSE,"0.01,0.01"
19,mixture,500,iwls-nuts,FALSE,"1,0.005"
19,mixture,500,iwls-nuts,FALSE,"0.01,0.01"
19,skewnorm,250,iwls-nuts,FALSE,"1,0.005"
19,skewnorm,250,iwls-nuts,FALSE,"0.01,0.01"
19,skewnorm,500,iwls-nuts,FALSE,"1,0.005"
19,skewnorm,500,iwls-nuts,FALSE,"0.01,0.01"
19,ptm,250,iwls-nuts,FALSE,"1,0.005"
19,ptm,250,iwls-nuts,FALSE,"0.01,0.01"
19,ptm,500,iwls-nuts,FALSE,"1,0.005"
19,ptm,500,iwls-nuts,FALSE,"0.01,0.01"
20,gaussian,250,iwls-nuts,FALSE,"1,0.005"
20,gaussian,250,iwls-nuts,FALSE,"0.01,0.01"
20,gaussian,500,iwls-nuts,FALSE,"1,0.005"
20,gaussian,500,iwls-nuts,FALSE,"0.01,0.01"
20,mixture,250,iwls-nuts,FALSE,"1,0.005"
20,mixture,250,iwls-nuts,FALSE,"0.01,0.01"
20,mixture,500,iwls-nuts,FALSE,"1,0.005"
20,mixture,500,iwls-nuts,FALSE,"0.01,0.01"
20,skewnorm,250,iwls-nuts,FALSE,"1,0.005"
20,skewnorm,250,iwls-nuts,FALSE,"0.01,0.01"
20,skewnorm,500,iwls-nuts,FALSE,"1,0.005"
20,skewnorm,500,iwls-nuts,FALSE,"0.01,0.01"
20,ptm,250,iwls-nuts,FALSE,"1,0.005"
20,ptm,250,iwls-nuts,FALSE,"0.01,0.01"
20,ptm,500,iwls-nuts,FALSE,"1,0.005"
20,ptm,500,iwls-nuts,FALSE,"0.01,0.01"
21,gaussian,250,iwls-nuts,FALSE,"1,0.005"
21,gaussian,250,iwls-nuts,FALSE,"0.01,0.01"
21,gaussian,500,iwls-nuts,FALSE,"1,0.005"
21,gaussian,500,iwls-nuts,FALSE,"0.01,0.01"
21,mixture,250,iwls-nuts,FALSE,"1,0.005"
21,mixture,250,iwls-nuts,FALSE,"0.01,0.01"
21,mixture,500,iwls-nuts,FALSE,"1,0.005"
21,mixture,500,iwls-nuts,FALSE,"0.01,0.01"
21,skewnorm,250,iwls-nuts,FALSE,"1,0.005"
21,skewnorm,250,iwls-nuts,FALSE,"0.01,0.01"
21,skewnorm,500,iwls-nuts,FALSE,"1,0.005"
21,skewnorm,500,iwls-nuts,FALSE,"0.01,0.01"
21,ptm,250,iwls-nuts,FALSE,"1,0.005"
21,ptm,250,iwls-nuts,FALSE,"0.01,0.01"
21,ptm,500,iwls-nuts,FALSE,"1,0.005"
21,ptm,500,iwls-nuts,FALSE,"0.01,0.01"
22,gaussian,250,iwls-nuts,FALSE,"1,0.005"
22,gaussian,250,iwls-nuts,FALSE,"0.01,0.01"
22,gaussian,500,iwls-nuts,FALSE,"1,0.005"
22,gaussian,500,iwls-nuts,FALSE,"0.01,0.01"
22,mixture,250,iwls-nuts,FALSE,"1,0.005"
22,mixture,250,iwls-nuts,FALSE,"0.01,0.01"
22,mixture,500,iwls-nuts,FALSE,"1,0.005"
22,mixture,500,iwls-nuts,FALSE,"0.01,0.01"
22,skewnorm,250,iwls-nuts,FALSE,"1,0.005"
22,skewnorm,250,iwls-nuts,FALSE,"0.01,0.01"
22,skewnorm,500,iwls-nuts,FALSE,"1,0.005"
22,skewnorm,500,iwls-nuts,FALSE,"0.01,0.01"
22,ptm,250,iwls-nuts,FALSE,"1,0.005"
22,ptm,250,iwls-nuts,FALSE,"0.01,0.01"
22,ptm,500,iwls-nuts,FALSE,"1,0.005"
22,ptm,500,iwls-nuts,FALSE,"0.01,0.01"
23,gaussian,250,iwls-nuts,FALSE,"1,0.005"
23,gaussian,250,iwls-nuts,FALSE,"0.01,0.01"
23,gaussian,500,iwls-nuts,FALSE,"1,0.005"
23,gaussian,500,iwls-nuts,FALSE,"0.01,0.01"
23,mixture,250,iwls-nuts,FALSE,"1,0.005"
23,mixture,250,iwls-nuts,FALSE,"0.01,0.01"
23,mixture,500,iwls-nuts,FALSE,"1,0.005"
23,mixture,500,iwls-nuts,FALSE,"0.01,0.01"
23,skewnorm,250,iwls-nuts,FALSE,"1,0.005"
23,skewnorm,250,iwls-nuts,FALSE,"0.01,0.01"
23,skewnorm,500,iwls-nuts,FALSE,"1,0.005"
23,skewnorm,500,iwls-nuts,FALSE,"0.01,0.01"
23,ptm,250,iwls-nuts,FALSE,"1,0.005"
23,ptm,250,iwls-nuts,FALSE,"0.01,0.01"
23,ptm,500,iwls-nuts,FALSE,"1,0.005"
23,ptm,500,iwls-nuts,FALSE,"0.01,0.01"
24,gaussian,250,iwls-nuts,FALSE,"1,0.005"
24,gaussian,250,iwls-nuts,FALSE,"0.01,0.01"
24,gaussian,500,iwls-nuts,FALSE,"1,0.005"
24,gaussian,500,iwls-nuts,FALSE,"0.01,0.01"
24,mixture,250,iwls-nuts,FALSE,"1,0.005"
24,mixture,250,iwls-nuts,FALSE,"0.01,0.01"
24,mixture,500,iwls-nuts,FALSE,"1,0.005"
24,mixture,500,iwls-nuts,FALSE,"0.01,0.01"
24,skewnorm,250,iwls-nuts,FALSE,"1,0.005"
24,skewnorm,250,iwls-nuts,FALSE,"0.01,0.01"
24,skewnorm,500,iwls-nuts,FALSE,"1,0.005"
24,skewnorm,500,iwls-nuts,FALSE,"0.01,0.01"
24,ptm,250,iwls-nuts,FALSE,"1,0.005"
24,ptm,250,iwls-nuts,FALSE,"0.01,0.01"
24,ptm,500,iwls-nuts,FALSE,"1,0.005"
24,ptm,500,iwls-nuts,FALSE,"0.01,0.01"
25,gaussian,250,iwls-nuts,FALSE,"1,0.005"
25,gaussian,250,iwls-nuts,FALSE,"0.01,0.01"
25,gaussian,500,iwls-nuts,FALSE,"1,0.005"
25,gaussian,500,iwls-nuts,FALSE,"0.01,0.01"
25,mixture,250,iwls-nuts,FALSE,"1,0.005"
25,mixture,250,iwls-nuts,FALSE,"0.01,0.01"
25,mixture,500,iwls-nuts,FALSE,"1,0.005"
25,mixture,500,iwls-nuts,FALSE,"0.01,0.01"
25,skewnorm,250,iwls-nuts,FALSE,"1,0.005"
25,skewnorm,250,iwls-nuts,FALSE,"0.01,0.01"
25,skewnorm,500,iwls-nuts,FALSE,"1,0.005"
25,skewnorm,500,iwls-nuts,FALSE,"0.01,0.01"
25,ptm,250,iwls-nuts,FALSE,"1,0.005"
25,ptm,250,iwls-nuts,FALSE,"0.01,0.01"
25,ptm,500,iwls-nuts,FALSE,"1,0.005"
25,ptm,500,iwls-nuts,FALSE,"0.01,0.01"
26,gaussian,250,iwls-nuts,FALSE,"1,0.005"
26,gaussian,250,iwls-nuts,FALSE,"0.01,0.01"
26,gaussian,500,iwls-nuts,FALSE,"1,0.005"
26,gaussian,500,iwls-nuts,FALSE,"0.01,0.01"
26,mixture,250,iwls-nuts,FALSE,"1,0.005"
26,mixture,250,iwls-nuts,FALSE,"0.01,0.01"
26,mixture,500,iwls-nuts,FALSE,"1,0.005"
26,mixture,500,iwls-nuts,FALSE,"0.01,0.01"
26,skewnorm,250,iwls-nuts,FALSE,"1,0.005"
26,skewnorm,250,iwls-nuts,FALSE,"0.01,0.01"
26,skewnorm,500,iwls-nuts,FALSE,"1,0.005"
26,skewnorm,500,iwls-nuts,FALSE,"0.01,0.01"
26,ptm,250,iwls-nuts,FALSE,"1,0.005"
26,ptm,250,iwls-nuts,FALSE,"0.01,0.01"
26,ptm,500,iwls-nuts,FALSE,"1,0.005"
26,ptm,500,iwls-nuts,FALSE,"0.01,0.01"
27,gaussian,250,iwls-nuts,FALSE,"1,0.005"
27,gaussian,250,iwls-nuts,FALSE,"0.01,0.01"
27,gaussian,500,iwls-nuts,FALSE,"1,0.005"
27,gaussian,500,iwls-nuts,FALSE,"0.01,0.01"
27,mixture,250,iwls-nuts,FALSE,"1,0.005"
27,mixture,250,iwls-nuts,FALSE,"0.01,0.01"
27,mixture,500,iwls-nuts,FALSE,"1,0.005"
27,mixture,500,iwls-nuts,FALSE,"0.01,0.01"
27,skewnorm,250,iwls-nuts,FALSE,"1,0.005"
27,skewnorm,250,iwls-nuts,FALSE,"0.01,0.01"
27,skewnorm,500,iwls-nuts,FALSE,"1,0.005"
27,skewnorm,500,iwls-nuts,FALSE,"0.01,0.01"
27,ptm,250,iwls-nuts,FALSE,"1,0.005"
27,ptm,250,iwls-nuts,FALSE,"0.01,0.01"
27,ptm,500,iwls-nuts,FALSE,"1,0.005"
27,ptm,500,iwls-nuts,FALSE,"0.01,0.01"
28,gaussian,250,iwls-nuts,FALSE,"1,0.005"
28,gaussian,250,iwls-nuts,FALSE,"0.01,0.01"
28,gaussian,500,iwls-nuts,FALSE,"1,0.005"
28,gaussian,500,iwls-nuts,FALSE,"0.01,0.01"
28,mixture,250,iwls-nuts,FALSE,"1,0.005"
28,mixture,250,iwls-nuts,FALSE,"0.01,0.01"
28,mixture,500,iwls-nuts,FALSE,"1,0.005"
28,mixture,500,iwls-nuts,FALSE,"0.01,0.01"
28,skewnorm,250,iwls-nuts,FALSE,"1,0.005"
28,skewnorm,250,iwls-nuts,FALSE,"0.01,0.01"
28,skewnorm,500,iwls-nuts,FALSE,"1,0.005"
28,skewnorm,500,iwls-nuts,FALSE,"0.01,0.01"
28,ptm,250,iwls-nuts,FALSE,"1,0.005"
28,ptm,250,iwls-nuts,FALSE,"0.01,0.01"
28,ptm,500,iwls-nuts,FALSE,"1,0.005"
28,ptm,500,iwls-nuts,FALSE,"0.01,0.01"
29,gaussian,250,iwls-nuts,FALSE,"1,0.005"
29,gaussian,250,iwls-nuts,FALSE,"0.01,0.01"
29,gaussian,500,iwls-nuts,FALSE,"1,0.005"
29,gaussian,500,iwls-nuts,FALSE,"0.01,0.01"
29,mixture,250,iwls-nuts,FALSE,"1,0.005"
29,mixture,250,iwls-nuts,FALSE,"0.01,0.01"
29,mixture,500,iwls-nuts,FALSE,"1,0.005"
29,mixture,500,iwls-nuts,FALSE,"0.01,0.01"
29,skewnorm,250,iwls-nuts,FALSE,"1,0.005"
29,skewnorm,250,iwls-nuts,FALSE,"0.01,0.01"
29,skewnorm,500,iwls-nuts,FALSE,"1,0.005"
29,skewnorm,500,iwls-nuts,FALSE,"0.01,0.01"
29,ptm,250,iwls-nuts,FALSE,"1,0.005"
29,ptm,250,iwls-nuts,FALSE,"0.01,0.01"
29,ptm,500,iwls-nuts,FALSE,"1,0.005"
29,ptm,500,iwls-nuts,FALSE,"0.01,0.01"
30,gaussian,250,iwls-nuts,FALSE,"1,0.005"
30,gaussian,250,iwls-nuts,FALSE,"0.01,0.01"
30,gaussian,500,iwls-nuts,FALSE,"1,0.005"
30,gaussian,500,iwls-nuts,FALSE,"0.01,0.01"
30,mixture,250,iwls-nuts,FALSE,"1,0.005"
30,mixture,250,iwls-nuts,FALSE,"0.01,0.01"
30,mixture,500,iwls-nuts,FALSE,"1,0.005"
30,mixture,500,iwls-nuts,FALSE,"0.01,0.01"
30,skewnorm,250,iwls-nuts,FALSE,"1,0.005"
30,skewnorm,250,iwls-nuts,FALSE,"0.01,0.01"
30,skewnorm,500,iwls-nuts,FALSE,"1,0.005"
30,skewnorm,500,iwls-nuts,FALSE,"0.01,0.01"
30,ptm,250,iwls-nuts,FALSE,"1,0.005"
30,ptm,250,iwls-nuts,FALSE,"0.01,0.01"
30,ptm,500,iwls-nuts,FALSE,"1,0.005"
30,ptm,500,iwls-nuts,FALSE,"0.01,0.01"
31,gaussian,250,iwls-nuts,FALSE,"1,0.005"
31,gaussian,250,iwls-nuts,FALSE,"0.01,0.01"
31,gaussian,500,iwls-nuts,FALSE,"1,0.005"
31,gaussian,500,iwls-nuts,FALSE,"0.01,0.01"
31,mixture,250,iwls-nuts,FALSE,"1,0.005"
31,mixture,250,iwls-nuts,FALSE,"0.01,0.01"
31,mixture,500,iwls-nuts,FALSE,"1,0.005"
31,mixture,500,iwls-nuts,FALSE,"0.01,0.01"
31,skewnorm,250,iwls-nuts,FALSE,"1,0.005"
31,skewnorm,250,iwls-nuts,FALSE,"0.01,0.01"
31,skewnorm,500,iwls-nuts,FALSE,"1,0.005"
31,skewnorm,500,iwls-nuts,FALSE,"0.01,0.01"
31,ptm,250,iwls-nuts,FALSE,"1,0.005"
31,ptm,250,iwls-nuts,FALSE,"0.01,0.01"
31,ptm,500,iwls-nuts,FALSE,"1,0.005"
31,ptm,500,iwls-nuts,FALSE,"0.01,0.01"
32,gaussian,250,iwls-nuts,FALSE,"1,0.005"
32,gaussian,250,iwls-nuts,FALSE,"0.01,0.01"
32,gaussian,500,iwls-nuts,FALSE,"1,0.005"
32,gaussian,500,iwls-nuts,FALSE,"0.01,0.01"
32,mixture,250,iwls-nuts,FALSE,"1,0.005"
32,mixture,250,iwls-nuts,FALSE,"0.01,0.01"
32,mixture,500,iwls-nuts,FALSE,"1,0.005"
32,mixture,500,iwls-nuts,FALSE,"0.01,0.01"
32,skewnorm,250,iwls-nuts,FALSE,"1,0.005"
32,skewnorm,250,iwls-nuts,FALSE,"0.01,0.01"
32,skewnorm,500,iwls-nuts,FALSE,"1,0.005"
32,skewnorm,500,iwls-nuts,FALSE,"0.01,0.01"
32,ptm,250,iwls-nuts,FALSE,"1,0.005"
32,ptm,250,iwls-nuts,FALSE,"0.01,0.01"
32,ptm,500,iwls-nuts,FALSE,"1,0.005"
32,ptm,500,iwls-nuts,FALSE,"0.01,0.01"
33,gaussian,250,iwls-nuts,FALSE,"1,0.005"
33,gaussian,250,iwls-nuts,FALSE,"0.01,0.01"
33,gaussian,500,iwls-nuts,FALSE,"1,0.005"
33,gaussian,500,iwls-nuts,FALSE,"0.01,0.01"
33,mixture,250,iwls-nuts,FALSE,"1,0.005"
33,mixture,250,iwls-nuts,FALSE,"0.01,0.01"
33,mixture,500,iwls-nuts,FALSE,"1,0.005"
33,mixture,500,iwls-nuts,FALSE,"0.01,0.01"
33,skewnorm,250,iwls-nuts,FALSE,"1,0.005"
33,skewnorm,250,iwls-nuts,FALSE,"0.01,0.01"
33,skewnorm,500,iwls-nuts,FALSE,"1,0.005"
33,skewnorm,500,iwls-nuts,FALSE,"0.01,0.01"
33,ptm,250,iwls-nuts,FALSE,"1,0.005"
33,ptm,250,iwls-nuts,FALSE,"0.01,0.01"
33,ptm,500,iwls-nuts,FALSE,"1,0.005"
33,ptm,500,iwls-nuts,FALSE,"0.01,0.01"
34,gaussian,250,iwls-nuts,FALSE,"1,0.005"
34,gaussian,250,iwls-nuts,FALSE,"0.01,0.01"
34,gaussian,500,iwls-nuts,FALSE,"1,0.005"
34,gaussian,500,iwls-nuts,FALSE,"0.01,0.01"
34,mixture,250,iwls-nuts,FALSE,"1,0.005"
34,mixture,250,iwls-nuts,FALSE,"0.01,0.01"
34,mixture,500,iwls-nuts,FALSE,"1,0.005"
34,mixture,500,iwls-nuts,FALSE,"0.01,0.01"
34,skewnorm,250,iwls-nuts,FALSE,"1,0.005"
34,skewnorm,250,iwls-nuts,FALSE,"0.01,0.01"
34,skewnorm,500,iwls-nuts,FALSE,"1,0.005"
34,skewnorm,500,iwls-nuts,FALSE,"0.01,0.01"
34,ptm,250,iwls-nuts,FALSE,"1,0.005"
34,ptm,250,iwls-nuts,FALSE,"0.01,0.01"
34,ptm,500,iwls-nuts,FALSE,"1,0.005"
34,ptm,500,iwls-nuts,FALSE,"0.01,0.01"
35,gaussian,250,iwls-nuts,FALSE,"1,0.005"
35,gaussian,250,iwls-nuts,FALSE,"0.01,0.01"
35,gaussian,500,iwls-nuts,FALSE,"1,0.005"
35,gaussian,500,iwls-nuts,FALSE,"0.01,0.01"
35,mixture,250,iwls-nuts,FALSE,"1,0.005"
35,mixture,250,iwls-nuts,FALSE,"0.01,0.01"
35,mixture,500,iwls-nuts,FALSE,"1,0.005"
35,mixture,500,iwls-nuts,FALSE,"0.01,0.01"
35,skewnorm,250,iwls-nuts,FALSE,"1,0.005"
35,skewnorm,250,iwls-nuts,FALSE,"0.01,0.01"
35,skewnorm,500,iwls-nuts,FALSE,"1,0.005"
35,skewnorm,500,iwls-nuts,FALSE,"0.01,0.01"
35,ptm,250,iwls-nuts,FALSE,"1,0.005"
35,ptm,250,iwls-nuts,FALSE,"0.01,0.01"
35,ptm,500,iwls-nuts,FALSE,"1,0.005"
35,ptm,500,iwls-nuts,FALSE,"0.01,0.01"
36,gaussian,250,iwls-nuts,FALSE,"1,0.005"
36,gaussian,250,iwls-nuts,FALSE,"0.01,0.01"
36,gaussian,500,iwls-nuts,FALSE,"1,0.005"
36,gaussian,500,iwls-nuts,FALSE,"0.01,0.01"
36,mixture,250,iwls-nuts,FALSE,"1,0.005"
36,mixture,250,iwls-nuts,FALSE,"0.01,0.01"
36,mixture,500,iwls-nuts,FALSE,"1,0.005"
36,mixture,500,iwls-nuts,FALSE,"0.01,0.01"
36,skewnorm,250,iwls-nuts,FALSE,"1,0.005"
36,skewnorm,250,iwls-nuts,FALSE,"0.01,0.01"
36,skewnorm,500,iwls-nuts,FALSE,"1,0.005"
36,skewnorm,500,iwls-nuts,FALSE,"0.01,0.01"
36,ptm,250,iwls-nuts,FALSE,"1,0.005"
36,ptm,250,iwls-nuts,FALSE,"0.01,0.01"
36,ptm,500,iwls-nuts,FALSE,"1,0.005"
36,ptm,500,iwls-nuts,FALSE,"0.01,0.01"
37,gaussian,250,iwls-nuts,FALSE,"1,0.005"
37,gaussian,250,iwls-nuts,FALSE,"0.01,0.01"
37,gaussian,500,iwls-nuts,FALSE,"1,0.005"
37,gaussian,500,iwls-nuts,FALSE,"0.01,0.01"
37,mixture,250,iwls-nuts,FALSE,"1,0.005"
37,mixture,250,iwls-nuts,FALSE,"0.01,0.01"
37,mixture,500,iwls-nuts,FALSE,"1,0.005"
37,mixture,500,iwls-nuts,FALSE,"0.01,0.01"
37,skewnorm,250,iwls-nuts,FALSE,"1,0.005"
37,skewnorm,250,iwls-nuts,FALSE,"0.01,0.01"
37,skewnorm,500,iwls-nuts,FALSE,"1,0.005"
37,skewnorm,500,iwls-nuts,FALSE,"0.01,0.01"
37,ptm,250,iwls-nuts,FALSE,"1,0.005"
37,ptm,250,iwls-nuts,FALSE,"0.01,0.01"
37,ptm,500,iwls-nuts,FALSE,"1,0.005"
37,ptm,500,iwls-nuts,FALSE,"0.01,0.01"
38,gaussian,250,iwls-nuts,FALSE,"1,0.005"
38,gaussian,250,iwls-nuts,FALSE,"0.01,0.01"
38,gaussian,500,iwls-nuts,FALSE,"1,0.005"
38,gaussian,500,iwls-nuts,FALSE,"0.01,0.01"
38,mixture,250,iwls-nuts,FALSE,"1,0.005"
38,mixture,250,iwls-nuts,FALSE,"0.01,0.01"
38,mixture,500,iwls-nuts,FALSE,"1,0.005"
38,mixture,500,iwls-nuts,FALSE,"0.01,0.01"
38,skewnorm,250,iwls-nuts,FALSE,"1,0.005"
38,skewnorm,250,iwls-nuts,FALSE,"0.01,0.01"
38,skewnorm,500,iwls-nuts,FALSE,"1,0.005"
38,skewnorm,500,iwls-nuts,FALSE,"0.01,0.01"
38,ptm,250,iwls-nuts,FALSE,"1,0.005"
38,ptm,250,iwls-nuts,FALSE,"0.01,0.01"
38,ptm,500,iwls-nuts,FALSE,"1,0.005"
38,ptm,500,iwls-nuts,FALSE,"0.01,0.01"
39,gaussian,250,iwls-nuts,FALSE,"1,0.005"
39,gaussian,250,iwls-nuts,FALSE,"0.01,0.01"
39,gaussian,500,iwls-nuts,FALSE,"1,0.005"
39,gaussian,500,iwls-nuts,FALSE,"0.01,0.01"
39,mixture,250,iwls-nuts,FALSE,"1,0.005"
39,mixture,250,iwls-nuts,FALSE,"0.01,0.01"
39,mixture,500,iwls-nuts,FALSE,"1,0.005"
39,mixture,500,iwls-nuts,FALSE,"0.01,0.01"
39,skewnorm,250,iwls-nuts,FALSE,"1,0.005"
39,skewnorm,250,iwls-nuts,FALSE,"0.01,0.01"
39,skewnorm,500,iwls-nuts,FALSE,"1,0.005"
39,skewnorm,500,iwls-nuts,FALSE,"0.01,0.01"
39,ptm,250,iwls-nuts,FALSE,"1,0.005"
39,ptm,250,iwls-nuts,FALSE,"0.01,0.01"
39,ptm,500,iwls-nuts,FALSE,"1,0.005"
39,ptm,500,iwls-nuts,FALSE,"0.01,0.01"
40,gaussian,250,iwls-nuts,FALSE,"1,0.005"
40,gaussian,250,iwls-nuts,FALSE,"0.01,0.01"
40,gaussian,500,iwls-nuts,FALSE,"1,0.005"
40,gaussian,500,iwls-nuts,FALSE,"0.01,0.01"
40,mixture,250,iwls-nuts,FALSE,"1,0.005"
40,mixture,250,iwls-nuts,FALSE,"0.01,0.01"
40,mixture,500,iwls-nuts,FALSE,"1,0.005"
40,mixture,500,iwls-nuts,FALSE,"0.01,0.01"
40,skewnorm,250,iwls-nuts,FALSE,"1,0.005"
40,skewnorm,250,iwls-nuts,FALSE,"0.01,0.01"
40,skewnorm,500,iwls-nuts,FALSE,"1,0.005"
40,skewnorm,500,iwls-nuts,FALSE,"0.01,0.01"
40,ptm,250,iwls-nuts,FALSE,"1,0.005"
40,ptm,250,iwls-nuts,FALSE,"0.01,0.01"
40,ptm,500,iwls-nuts,FALSE,"1,0.005"
40,ptm,500,iwls-nuts,FALSE,"0.01,0.01"
41,gaussian,250,iwls-nuts,FALSE,"1,0.005"
41,gaussian,250,iwls-nuts,FALSE,"0.01,0.01"
41,gaussian,500,iwls-nuts,FALSE,"1,0.005"
41,gaussian,500,iwls-nuts,FALSE,"0.01,0.01"
41,mixture,250,iwls-nuts,FALSE,"1,0.005"
41,mixture,250,iwls-nuts,FALSE,"0.01,0.01"
41,mixture,500,iwls-nuts,FALSE,"1,0.005"
41,mixture,500,iwls-nuts,FALSE,"0.01,0.01"
41,skewnorm,250,iwls-nuts,FALSE,"1,0.005"
41,skewnorm,250,iwls-nuts,FALSE,"0.01,0.01"
41,skewnorm,500,iwls-nuts,FALSE,"1,0.005"
41,skewnorm,500,iwls-nuts,FALSE,"0.01,0.01"
41,ptm,250,iwls-nuts,FALSE,"1,0.005"
41,ptm,250,iwls-nuts,FALSE,"0.01,0.01"
41,ptm,500,iwls-nuts,FALSE,"1,0.005"
41,ptm,500,iwls-nuts,FALSE,"0.01,0.01"
42,gaussian,250,iwls-nuts,FALSE,"1,0.005"
42,gaussian,250,iwls-nuts,FALSE,"0.01,0.01"
42,gaussian,500,iwls-nuts,FALSE,"1,0.005"
42,gaussian,500,iwls-nuts,FALSE,"0.01,0.01"
42,mixture,250,iwls-nuts,FALSE,"1,0.005"
42,mixture,250,iwls-nuts,FALSE,"0.01,0.01"
42,mixture,500,iwls-nuts,FALSE,"1,0.005"
42,mixture,500,iwls-nuts,FALSE,"0.01,0.01"
42,skewnorm,250,iwls-nuts,FALSE,"1,0.005"
42,skewnorm,250,iwls-nuts,FALSE,"0.01,0.01"
42,skewnorm,500,iwls-nuts,FALSE,"1,0.005"
42,skewnorm,500,iwls-nuts,FALSE,"0.01,0.01"
42,ptm,250,iwls-nuts,FALSE,"1,0.005"
42,ptm,250,iwls-nuts,FALSE,"0.01,0.01"
42,ptm,500,iwls-nuts,FALSE,"1,0.005"
42,ptm,500,iwls-nuts,FALSE,"0.01,0.01"
43,gaussian,250,iwls-nuts,FALSE,"1,0.005"
43,gaussian,250,iwls-nuts,FALSE,"0.01,0.01"
43,gaussian,500,iwls-nuts,FALSE,"1,0.005"
43,gaussian,500,iwls-nuts,FALSE,"0.01,0.01"
43,mixture,250,iwls-nuts,FALSE,"1,0.005"
43,mixture,250,iwls-nuts,FALSE,"0.01,0.01"
43,mixture,500,iwls-nuts,FALSE,"1,0.005"
43,mixture,500,iwls-nuts,FALSE,"0.01,0.01"
43,skewnorm,250,iwls-nuts,FALSE,"1,0.005"
43,skewnorm,250,iwls-nuts,FALSE,"0.01,0.01"
43,skewnorm,500,iwls-nuts,FALSE,"1,0.005"
43,skewnorm,500,iwls-nuts,FALSE,"0.01,0.01"
43,ptm,250,iwls-nuts,FALSE,"1,0.005"
43,ptm,250,iwls-nuts,FALSE,"0.01,0.01"
43,ptm,500,iwls-nuts,FALSE,"1,0.005"
43,ptm,500,iwls-nuts,FALSE,"0.01,0.01"
44,gaussian,250,iwls-nuts,FALSE,"1,0.005"
44,gaussian,250,iwls-nuts,FALSE,"0.01,0.01"
44,gaussian,500,iwls-nuts,FALSE,"1,0.005"
44,gaussian,500,iwls-nuts,FALSE,"0.01,0.01"
44,mixture,250,iwls-nuts,FALSE,"1,0.005"
44,mixture,250,iwls-nuts,FALSE,"0.01,0.01"
44,mixture,500,iwls-nuts,FALSE,"1,0.005"
44,mixture,500,iwls-nuts,FALSE,"0.01,0.01"
44,skewnorm,250,iwls-nuts,FALSE,"1,0.005"
44,skewnorm,250,iwls-nuts,FALSE,"0.01,0.01"
44,skewnorm,500,iwls-nuts,FALSE,"1,0.005"
44,skewnorm,500,iwls-nuts,FALSE,"0.01,0.01"
44,ptm,250,iwls-nuts,FALSE,"1,0.005"
44,ptm,250,iwls-nuts,FALSE,"0.01,0.01"
44,ptm,500,iwls-nuts,FALSE,"1,0.005"
44,ptm,500,iwls-nuts,FALSE,"0.01,0.01"
45,gaussian,250,iwls-nuts,FALSE,"1,0.005"
45,gaussian,250,iwls-nuts,FALSE,"0.01,0.01"
45,gaussian,500,iwls-nuts,FALSE,"1,0.005"
45,gaussian,500,iwls-nuts,FALSE,"0.01,0.01"
45,mixture,250,iwls-nuts,FALSE,"1,0.005"
45,mixture,250,iwls-nuts,FALSE,"0.01,0.01"
45,mixture,500,iwls-nuts,FALSE,"1,0.005"
45,mixture,500,iwls-nuts,FALSE,"0.01,0.01"
45,skewnorm,250,iwls-nuts,FALSE,"1,0.005"
45,skewnorm,250,iwls-nuts,FALSE,"0.01,0.01"
45,skewnorm,500,iwls-nuts,FALSE,"1,0.005"
45,skewnorm,500,iwls-nuts,FALSE,"0.01,0.01"
45,ptm,250,iwls-nuts,FALSE,"1,0.005"
45,ptm,250,iwls-nuts,FALSE,"0.01,0.01"
45,ptm,500,iwls-nuts,FALSE,"1,0.005"
45,ptm,500,iwls-nuts,FALSE,"0.01,0.01"
46,gaussian,250,iwls-nuts,FALSE,"1,0.005"
46,gaussian,250,iwls-nuts,FALSE,"0.01,0.01"
46,gaussian,500,iwls-nuts,FALSE,"1,0.005"
46,gaussian,500,iwls-nuts,FALSE,"0.01,0.01"
46,mixture,250,iwls-nuts,FALSE,"1,0.005"
46,mixture,250,iwls-nuts,FALSE,"0.01,0.01"
46,mixture,500,iwls-nuts,FALSE,"1,0.005"
46,mixture,500,iwls-nuts,FALSE,"0.01,0.01"
46,skewnorm,250,iwls-nuts,FALSE,"1,0.005"
46,skewnorm,250,iwls-nuts,FALSE,"0.01,0.01"
46,skewnorm,500,iwls-nuts,FALSE,"1,0.005"
46,skewnorm,500,iwls-nuts,FALSE,"0.01,0.01"
46,ptm,250,iwls-nuts,FALSE,"1,0.005"
46,ptm,250,iwls-nuts,FALSE,"0.01,0.01"
46,ptm,500,iwls-nuts,FALSE,"1,0.005"
46,ptm,500,iwls-nuts,FALSE,"0.01,0.01"
47,gaussian,250,iwls-nuts,FALSE,"1,0.005"
47,gaussian,250,iwls-nuts,FALSE,"0.01,0.01"
47,gaussian,500,iwls-nuts,FALSE,"1,0.005"
47,gaussian,500,iwls-nuts,FALSE,"0.01,0.01"
47,mixture,250,iwls-nuts,FALSE,"1,0.005"
47,mixture,250,iwls-nuts,FALSE,"0.01,0.01"
47,mixture,500,iwls-nuts,FALSE,"1,0.005"
47,mixture,500,iwls-nuts,FALSE,"0.01,0.01"
47,skewnorm,250,iwls-nuts,FALSE,"1,0.005"
47,skewnorm,250,iwls-nuts,FALSE,"0.01,0.01"
47,skewnorm,500,iwls-nuts,FALSE,"1,0.005"
47,skewnorm,500,iwls-nuts,FALSE,"0.01,0.01"
47,ptm,250,iwls-nuts,FALSE,"1,0.005"
47,ptm,250,iwls-nuts,FALSE,"0.01,0.01"
47,ptm,500,iwls-nuts,FALSE,"1,0.005"
47,ptm,500,iwls-nuts,FALSE,"0.01,0.01"
48,gaussian,250,iwls-nuts,FALSE,"1,0.005"
48,gaussian,250,iwls-nuts,FALSE,"0.01,0.01"
48,gaussian,500,iwls-nuts,FALSE,"1,0.005"
48,gaussian,500,iwls-nuts,FALSE,"0.01,0.01"
48,mixture,250,iwls-nuts,FALSE,"1,0.005"
48,mixture,250,iwls-nuts,FALSE,"0.01,0.01"
48,mixture,500,iwls-nuts,FALSE,"1,0.005"
48,mixture,500,iwls-nuts,FALSE,"0.01,0.01"
48,skewnorm,250,iwls-nuts,FALSE,"1,0.005"
48,skewnorm,250,iwls-nuts,FALSE,"0.01,0.01"
48,skewnorm,500,iwls-nuts,FALSE,"1,0.005"
48,skewnorm,500,iwls-nuts,FALSE,"0.01,0.01"
48,ptm,250,iwls-nuts,FALSE,"1,0.005"
48,ptm,250,iwls-nuts,FALSE,"0.01,0.01"
48,ptm,500,iwls-nuts,FALSE,"1,0.005"
48,ptm,500,iwls-nuts,FALSE,"0.01,0.01"
49,gaussian,250,iwls-nuts,FALSE,"1,0.005"
49,gaussian,250,iwls-nuts,FALSE,"0.01,0.01"
49,gaussian,500,iwls-nuts,FALSE,"1,0.005"
49,gaussian,500,iwls-nuts,FALSE,"0.01,0.01"
49,mixture,250,iwls-nuts,FALSE,"1,0.005"
49,mixture,250,iwls-nuts,FALSE,"0.01,0.01"
49,mixture,500,iwls-nuts,FALSE,"1,0.005"
49,mixture,500,iwls-nuts,FALSE,"0.01,0.01"
49,skewnorm,250,iwls-nuts,FALSE,"1,0.005"
49,skewnorm,250,iwls-nuts,FALSE,"0.01,0.01"
49,skewnorm,500,iwls-nuts,FALSE,"1,0.005"
49,skewnorm,500,iwls-nuts,FALSE,"0.01,0.01"
49,ptm,250,iwls-nuts,FALSE,"1,0.005"
49,ptm,250,iwls-nuts,FALSE,"0.01,0.01"
49,ptm,500,iwls-nuts,FALSE,"1,0.005"
49,ptm,500,iwls-nuts,FALSE,"0.01,0.01"
50,gaussian,250,iwls-nuts,FALSE,"1,0.005"
50,gaussian,250,iwls-nuts,FALSE,"0.01,0.01"
50,gaussian,500,iwls-nuts,FALSE,"1,0.005"
50,gaussian,500,iwls-nuts,FALSE,"0.01,0.01"
50,mixture,250,iwls-nuts,FALSE,"1,0.005"
50,mixture,250,iwls-nuts,FALSE,"0.01,0.01"
50,mixture,500,iwls-nuts,FALSE,"1,0.005"
50,mixture,500,iwls-nuts,FALSE,"0.01,0.01"
50,skewnorm,250,iwls-nuts,FALSE,"1,0.005"
50,skewnorm,250,iwls-nuts,FALSE,"0.01,0.01"
50,skewnorm,500,iwls-nuts,FALSE,"1,0.005"
50,skewnorm,500,iwls-nuts,FALSE,"0.01,0.01"
50,ptm,250,iwls-nuts,FALSE,"1,0.005"
50,ptm,250,iwls-nuts,FALSE,"0.01,0.01"
50,ptm,500,iwls-nuts,FALSE,"1,0.005"
50,ptm,500,iwls-nuts,FALSE,"0.01,0.01"
51,gaussian,250,iwls-nuts,FALSE,"1,0.005"
51,gaussian,250,iwls-nuts,FALSE,"0.01,0.01"
51,gaussian,500,iwls-nuts,FALSE,"1,0.005"
51,gaussian,500,iwls-nuts,FALSE,"0.01,0.01"
51,mixture,250,iwls-nuts,FALSE,"1,0.005"
51,mixture,250,iwls-nuts,FALSE,"0.01,0.01"
51,mixture,500,iwls-nuts,FALSE,"1,0.005"
51,mixture,500,iwls-nuts,FALSE,"0.01,0.01"
51,skewnorm,250,iwls-nuts,FALSE,"1,0.005"
51,skewnorm,250,iwls-nuts,FALSE,"0.01,0.01"
51,skewnorm,500,iwls-nuts,FALSE,"1,0.005"
51,skewnorm,500,iwls-nuts,FALSE,"0.01,0.01"
51,ptm,250,iwls-nuts,FALSE,"1,0.005"
51,ptm,250,iwls-nuts,FALSE,"0.01,0.01"
51,ptm,500,iwls-nuts,FALSE,"1,0.005"
51,ptm,500,iwls-nuts,FALSE,"0.01,0.01"
52,gaussian,250,iwls-nuts,FALSE,"1,0.005"
52,gaussian,250,iwls-nuts,FALSE,"0.01,0.01"
52,gaussian,500,iwls-nuts,FALSE,"1,0.005"
52,gaussian,500,iwls-nuts,FALSE,"0.01,0.01"
52,mixture,250,iwls-nuts,FALSE,"1,0.005"
52,mixture,250,iwls-nuts,FALSE,"0.01,0.01"
52,mixture,500,iwls-nuts,FALSE,"1,0.005"
52,mixture,500,iwls-nuts,FALSE,"0.01,0.01"
52,skewnorm,250,iwls-nuts,FALSE,"1,0.005"
52,skewnorm,250,iwls-nuts,FALSE,"0.01,0.01"
52,skewnorm,500,iwls-nuts,FALSE,"1,0.005"
52,skewnorm,500,iwls-nuts,FALSE,"0.01,0.01"
52,ptm,250,iwls-nuts,FALSE,"1,0.005"
52,ptm,250,iwls-nuts,FALSE,"0.01,0.01"
52,ptm,500,iwls-nuts,FALSE,"1,0.005"
52,ptm,500,iwls-nuts,FALSE,"0.01,0.01"
53,gaussian,250,iwls-nuts,FALSE,"1,0.005"
53,gaussian,250,iwls-nuts,FALSE,"0.01,0.01"
53,gaussian,500,iwls-nuts,FALSE,"1,0.005"
53,gaussian,500,iwls-nuts,FALSE,"0.01,0.01"
53,mixture,250,iwls-nuts,FALSE,"1,0.005"
53,mixture,250,iwls-nuts,FALSE,"0.01,0.01"
53,mixture,500,iwls-nuts,FALSE,"1,0.005"
53,mixture,500,iwls-nuts,FALSE,"0.01,0.01"
53,skewnorm,250,iwls-nuts,FALSE,"1,0.005"
53,skewnorm,250,iwls-nuts,FALSE,"0.01,0.01"
53,skewnorm,500,iwls-nuts,FALSE,"1,0.005"
53,skewnorm,500,iwls-nuts,FALSE,"0.01,0.01"
53,ptm,250,iwls-nuts,FALSE,"1,0.005"
53,ptm,250,iwls-nuts,FALSE,"0.01,0.01"
53,ptm,500,iwls-nuts,FALSE,"1,0.005"
53,ptm,500,iwls-nuts,FALSE,"0.01,0.01"
54,gaussian,250,iwls-nuts,FALSE,"1,0.005"
54,gaussian,250,iwls-nuts,FALSE,"0.01,0.01"
54,gaussian,500,iwls-nuts,FALSE,"1,0.005"
54,gaussian,500,iwls-nuts,FALSE,"0.01,0.01"
54,mixture,250,iwls-nuts,FALSE,"1,0.005"
54,mixture,250,iwls-nuts,FALSE,"0.01,0.01"
54,mixture,500,iwls-nuts,FALSE,"1,0.005"
54,mixture,500,iwls-nuts,FALSE,"0.01,0.01"
54,skewnorm,250,iwls-nuts,FALSE,"1,0.005"
54,skewnorm,250,iwls-nuts,FALSE,"0.01,0.01"
54,skewnorm,500,iwls-nuts,FALSE,"1,0.005"
54,skewnorm,500,iwls-nuts,FALSE,"0.01,0.01"
54,ptm,250,iwls-nuts,FALSE,"1,0.005"
54,ptm,250,iwls-nuts,FALSE,"0.01,0.01"
54,ptm,500,iwls-nuts,FALSE,"1,0.005"
54,ptm,500,iwls-nuts,FALSE,"0.01,0.01"
55,gaussian,250,iwls-nuts,FALSE,"1,0.005"
55,gaussian,250,iwls-nuts,FALSE,"0.01,0.01"
55,gaussian,500,iwls-nuts,FALSE,"1,0.005"
55,gaussian,500,iwls-nuts,FALSE,"0.01,0.01"
55,mixture,250,iwls-nuts,FALSE,"1,0.005"
55,mixture,250,iwls-nuts,FALSE,"0.01,0.01"
55,mixture,500,iwls-nuts,FALSE,"1,0.005"
55,mixture,500,iwls-nuts,FALSE,"0.01,0.01"
55,skewnorm,250,iwls-nuts,FALSE,"1,0.005"
55,skewnorm,250,iwls-nuts,FALSE,"0.01,0.01"
55,skewnorm,500,iwls-nuts,FALSE,"1,0.005"
55,skewnorm,500,iwls-nuts,FALSE,"0.01,0.01"
55,ptm,250,iwls-nuts,FALSE,"1,0.005"
55,ptm,250,iwls-nuts,FALSE,"0.01,0.01"
55,ptm,500,iwls-nuts,FALSE,"1,0.005"
55,ptm,500,iwls-nuts,FALSE,"0.01,0.01"
56,gaussian,250,iwls-nuts,FALSE,"1,0.005"
56,gaussian,250,iwls-nuts,FALSE,"0.01,0.01"
56,gaussian,500,iwls-nuts,FALSE,"1,0.005"
56,gaussian,500,iwls-nuts,FALSE,"0.01,0.01"
56,mixture,250,iwls-nuts,FALSE,"1,0.005"
56,mixture,250,iwls-nuts,FALSE,"0.01,0.01"
56,mixture,500,iwls-nuts,FALSE,"1,0.005"
56,mixture,500,iwls-nuts,FALSE,"0.01,0.01"
56,skewnorm,250,iwls-nuts,FALSE,"1,0.005"
56,skewnorm,250,iwls-nuts,FALSE,"0.01,0.01"
56,skewnorm,500,iwls-nuts,FALSE,"1,0.005"
56,skewnorm,500,iwls-nuts,FALSE,"0.01,0.01"
56,ptm,250,iwls-nuts,FALSE,"1,0.005"
56,ptm,250,iwls-nuts,FALSE,"0.01,0.01"
56,ptm,500,iwls-nuts,FALSE,"1,0.005"
56,ptm,500,iwls-nuts,FALSE,"0.01,0.01"
57,gaussian,250,iwls-nuts,FALSE,"1,0.005"
57,gaussian,250,iwls-nuts,FALSE,"0.01,0.01"
57,gaussian,500,iwls-nuts,FALSE,"1,0.005"
57,gaussian,500,iwls-nuts,FALSE,"0.01,0.01"
57,mixture,250,iwls-nuts,FALSE,"1,0.005"
57,mixture,250,iwls-nuts,FALSE,"0.01,0.01"
57,mixture,500,iwls-nuts,FALSE,"1,0.005"
57,mixture,500,iwls-nuts,FALSE,"0.01,0.01"
57,skewnorm,250,iwls-nuts,FALSE,"1,0.005"
57,skewnorm,250,iwls-nuts,FALSE,"0.01,0.01"
57,skewnorm,500,iwls-nuts,FALSE,"1,0.005"
57,skewnorm,500,iwls-nuts,FALSE,"0.01,0.01"
57,ptm,250,iwls-nuts,FALSE,"1,0.005"
57,ptm,250,iwls-nuts,FALSE,"0.01,0.01"
57,ptm,500,iwls-nuts,FALSE,"1,0.005"
57,ptm,500,iwls-nuts,FALSE,"0.01,0.01"
58,gaussian,250,iwls-nuts,FALSE,"1,0.005"
58,gaussian,250,iwls-nuts,FALSE,"0.01,0.01"
58,gaussian,500,iwls-nuts,FALSE,"1,0.005"
58,gaussian,500,iwls-nuts,FALSE,"0.01,0.01"
58,mixture,250,iwls-nuts,FALSE,"1,0.005"
58,mixture,250,iwls-nuts,FALSE,"0.01,0.01"
58,mixture,500,iwls-nuts,FALSE,"1,0.005"
58,mixture,500,iwls-nuts,FALSE,"0.01,0.01"
58,skewnorm,250,iwls-nuts,FALSE,"1,0.005"
58,skewnorm,250,iwls-nuts,FALSE,"0.01,0.01"
58,skewnorm,500,iwls-nuts,FALSE,"1,0.005"
58,skewnorm,500,iwls-nuts,FALSE,"0.01,0.01"
58,ptm,250,iwls-nuts,FALSE,"1,0.005"
58,ptm,250,iwls-nuts,FALSE,"0.01,0.01"
58,ptm,500,iwls-nuts,FALSE,"1,0.005"
58,ptm,500,iwls-nuts,FALSE,"0.01,0.01"
59,gaussian,250,iwls-nuts,FALSE,"1,0.005"
59,gaussian,250,iwls-nuts,FALSE,"0.01,0.01"
59,gaussian,500,iwls-nuts,FALSE,"1,0.005"
59,gaussian,500,iwls-nuts,FALSE,"0.01,0.01"
59,mixture,250,iwls-nuts,FALSE,"1,0.005"
59,mixture,250,iwls-nuts,FALSE,"0.01,0.01"
59,mixture,500,iwls-nuts,FALSE,"1,0.005"
59,mixture,500,iwls-nuts,FALSE,"0.01,0.01"
59,skewnorm,250,iwls-nuts,FALSE,"1,0.005"
59,skewnorm,250,iwls-nuts,FALSE,"0.01,0.01"
59,skewnorm,500,iwls-nuts,FALSE,"1,0.005"
59,skewnorm,500,iwls-nuts,FALSE,"0.01,0.01"
59,ptm,250,iwls-nuts,FALSE,"1,0.005"
59,ptm,250,iwls-nuts,FALSE,"0.01,0.01"
59,ptm,500,iwls-nuts,FALSE,"1,0.005"
59,ptm,500,iwls-nuts,FALSE,"0.01,0.01"
60,gaussian,250,iwls-nuts,FALSE,"1,0.005"
60,gaussian,250,iwls-nuts,FALSE,"0.01,0.01"
60,gaussian,500,iwls-nuts,FALSE,"1,0.005"
60,gaussian,500,iwls-nuts,FALSE,"0.01,0.01"
60,mixture,250,iwls-nuts,FALSE,"1,0.005"
60,mixture,250,iwls-nuts,FALSE,"0.01,0.01"
60,mixture,500,iwls-nuts,FALSE,"1,0.005"
60,mixture,500,iwls-nuts,FALSE,"0.01,0.01"
60,skewnorm,250,iwls-nuts,FALSE,"1,0.005"
60,skewnorm,250,iwls-nuts,FALSE,"0.01,0.01"
60,skewnorm,500,iwls-nuts,FALSE,"1,0.005"
60,skewnorm,500,iwls-nuts,FALSE,"0.01,0.01"
60,ptm,250,iwls-nuts,FALSE,"1,0.005"
60,ptm,250,iwls-nuts,FALSE,"0.01,0.01"
60,ptm,500,iwls-nuts,FALSE,"1,0.005"
60,ptm,500,iwls-nuts,FALSE,"0.01,0.01"
61,gaussian,250,iwls-nuts,FALSE,"1,0.005"
61,gaussian,250,iwls-nuts,FALSE,"0.01,0.01"
61,gaussian,500,iwls-nuts,FALSE,"1,0.005"
61,gaussian,500,iwls-nuts,FALSE,"0.01,0.01"
61,mixture,250,iwls-nuts,FALSE,"1,0.005"
61,mixture,250,iwls-nuts,FALSE,"0.01,0.01"
61,mixture,500,iwls-nuts,FALSE,"1,0.005"
61,mixture,500,iwls-nuts,FALSE,"0.01,0.01"
61,skewnorm,250,iwls-nuts,FALSE,"1,0.005"
61,skewnorm,250,iwls-nuts,FALSE,"0.01,0.01"
61,skewnorm,500,iwls-nuts,FALSE,"1,0.005"
61,skewnorm,500,iwls-nuts,FALSE,"0.01,0.01"
61,ptm,250,iwls-nuts,FALSE,"1,0.005"
61,ptm,250,iwls-nuts,FALSE,"0.01,0.01"
61,ptm,500,iwls-nuts,FALSE,"1,0.005"
61,ptm,500,iwls-nuts,FALSE,"0.01,0.01"
62,gaussian,250,iwls-nuts,FALSE,"1,0.005"
62,gaussian,250,iwls-nuts,FALSE,"0.01,0.01"
62,gaussian,500,iwls-nuts,FALSE,"1,0.005"
62,gaussian,500,iwls-nuts,FALSE,"0.01,0.01"
62,mixture,250,iwls-nuts,FALSE,"1,0.005"
62,mixture,250,iwls-nuts,FALSE,"0.01,0.01"
62,mixture,500,iwls-nuts,FALSE,"1,0.005"
62,mixture,500,iwls-nuts,FALSE,"0.01,0.01"
62,skewnorm,250,iwls-nuts,FALSE,"1,0.005"
62,skewnorm,250,iwls-nuts,FALSE,"0.01,0.01"
62,skewnorm,500,iwls-nuts,FALSE,"1,0.005"
62,skewnorm,500,iwls-nuts,FALSE,"0.01,0.01"
62,ptm,250,iwls-nuts,FALSE,"1,0.005"
62,ptm,250,iwls-nuts,FALSE,"0.01,0.01"
62,ptm,500,iwls-nuts,FALSE,"1,0.005"
62,ptm,500,iwls-nuts,FALSE,"0.01,0.01"
63,gaussian,250,iwls-nuts,FALSE,"1,0.005"
63,gaussian,250,iwls-nuts,FALSE,"0.01,0.01"
63,gaussian,500,iwls-nuts,FALSE,"1,0.005"
63,gaussian,500,iwls-nuts,FALSE,"0.01,0.01"
63,mixture,250,iwls-nuts,FALSE,"1,0.005"
63,mixture,250,iwls-nuts,FALSE,"0.01,0.01"
63,mixture,500,iwls-nuts,FALSE,"1,0.005"
63,mixture,500,iwls-nuts,FALSE,"0.01,0.01"
63,skewnorm,250,iwls-nuts,FALSE,"1,0.005"
63,skewnorm,250,iwls-nuts,FALSE,"0.01,0.01"
63,skewnorm,500,iwls-nuts,FALSE,"1,0.005"
63,skewnorm,500,iwls-nuts,FALSE,"0.01,0.01"
63,ptm,250,iwls-nuts,FALSE,"1,0.005"
63,ptm,250,iwls-nuts,FALSE,"0.01,0.01"
63,ptm,500,iwls-nuts,FALSE,"1,0.005"
63,ptm,500,iwls-nuts,FALSE,"0.01,0.01"
64,gaussian,250,iwls-nuts,FALSE,"1,0.005"
64,gaussian,250,iwls-nuts,FALSE,"0.01,0.01"
64,gaussian,500,iwls-nuts,FALSE,"1,0.005"
64,gaussian,500,iwls-nuts,FALSE,"0.01,0.01"
64,mixture,250,iwls-nuts,FALSE,"1,0.005"
64,mixture,250,iwls-nuts,FALSE,"0.01,0.01"
64,mixture,500,iwls-nuts,FALSE,"1,0.005"
64,mixture,500,iwls-nuts,FALSE,"0.01,0.01"
64,skewnorm,250,iwls-nuts,FALSE,"1,0.005"
64,skewnorm,250,iwls-nuts,FALSE,"0.01,0.01"
64,skewnorm,500,iwls-nuts,FALSE,"1,0.005"
64,skewnorm,500,iwls-nuts,FALSE,"0.01,0.01"
64,ptm,250,iwls-nuts,FALSE,"1,0.005"
64,ptm,250,iwls-nuts,FALSE,"0.01,0.01"
64,ptm,500,iwls-nuts,FALSE,"1,0.005"
64,ptm,500,iwls-nuts,FALSE,"0.01,0.01"
65,gaussian,250,iwls-nuts,FALSE,"1,0.005"
65,gaussian,250,iwls-nuts,FALSE,"0.01,0.01"
65,gaussian,500,iwls-nuts,FALSE,"1,0.005"
65,gaussian,500,iwls-nuts,FALSE,"0.01,0.01"
65,mixture,250,iwls-nuts,FALSE,"1,0.005"
65,mixture,250,iwls-nuts,FALSE,"0.01,0.01"
65,mixture,500,iwls-nuts,FALSE,"1,0.005"
65,mixture,500,iwls-nuts,FALSE,"0.01,0.01"
65,skewnorm,250,iwls-nuts,FALSE,"1,0.005"
65,skewnorm,250,iwls-nuts,FALSE,"0.01,0.01"
65,skewnorm,500,iwls-nuts,FALSE,"1,0.005"
65,skewnorm,500,iwls-nuts,FALSE,"0.01,0.01"
65,ptm,250,iwls-nuts,FALSE,"1,0.005"
65,ptm,250,iwls-nuts,FALSE,"0.01,0.01"
65,ptm,500,iwls-nuts,FALSE,"1,0.005"
65,ptm,500,iwls-nuts,FALSE,"0.01,0.01"
66,gaussian,250,iwls-nuts,FALSE,"1,0.005"
66,gaussian,250,iwls-nuts,FALSE,"0.01,0.01"
66,gaussian,500,iwls-nuts,FALSE,"1,0.005"
66,gaussian,500,iwls-nuts,FALSE,"0.01,0.01"
66,mixture,250,iwls-nuts,FALSE,"1,0.005"
66,mixture,250,iwls-nuts,FALSE,"0.01,0.01"
66,mixture,500,iwls-nuts,FALSE,"1,0.005"
66,mixture,500,iwls-nuts,FALSE,"0.01,0.01"
66,skewnorm,250,iwls-nuts,FALSE,"1,0.005"
66,skewnorm,250,iwls-nuts,FALSE,"0.01,0.01"
66,skewnorm,500,iwls-nuts,FALSE,"1,0.005"
66,skewnorm,500,iwls-nuts,FALSE,"0.01,0.01"
66,ptm,250,iwls-nuts,FALSE,"1,0.005"
66,ptm,250,iwls-nuts,FALSE,"0.01,0.01"
66,ptm,500,iwls-nuts,FALSE,"1,0.005"
66,ptm,500,iwls-nuts,FALSE,"0.01,0.01"
67,gaussian,250,iwls-nuts,FALSE,"1,0.005"
67,gaussian,250,iwls-nuts,FALSE,"0.01,0.01"
67,gaussian,500,iwls-nuts,FALSE,"1,0.005"
67,gaussian,500,iwls-nuts,FALSE,"0.01,0.01"
67,mixture,250,iwls-nuts,FALSE,"1,0.005"
67,mixture,250,iwls-nuts,FALSE,"0.01,0.01"
67,mixture,500,iwls-nuts,FALSE,"1,0.005"
67,mixture,500,iwls-nuts,FALSE,"0.01,0.01"
67,skewnorm,250,iwls-nuts,FALSE,"1,0.005"
67,skewnorm,250,iwls-nuts,FALSE,"0.01,0.01"
67,skewnorm,500,iwls-nuts,FALSE,"1,0.005"
67,skewnorm,500,iwls-nuts,FALSE,"0.01,0.01"
67,ptm,250,iwls-nuts,FALSE,"1,0.005"
67,ptm,250,iwls-nuts,FALSE,"0.01,0.01"
67,ptm,500,iwls-nuts,FALSE,"1,0.005"
67,ptm,500,iwls-nuts,FALSE,"0.01,0.01"
68,gaussian,250,iwls-nuts,FALSE,"1,0.005"
68,gaussian,250,iwls-nuts,FALSE,"0.01,0.01"
68,gaussian,500,iwls-nuts,FALSE,"1,0.005"
68,gaussian,500,iwls-nuts,FALSE,"0.01,0.01"
68,mixture,250,iwls-nuts,FALSE,"1,0.005"
68,mixture,250,iwls-nuts,FALSE,"0.01,0.01"
68,mixture,500,iwls-nuts,FALSE,"1,0.005"
68,mixture,500,iwls-nuts,FALSE,"0.01,0.01"
68,skewnorm,250,iwls-nuts,FALSE,"1,0.005"
68,skewnorm,250,iwls-nuts,FALSE,"0.01,0.01"
68,skewnorm,500,iwls-nuts,FALSE,"1,0.005"
68,skewnorm,500,iwls-nuts,FALSE,"0.01,0.01"
68,ptm,250,iwls-nuts,FALSE,"1,0.005"
68,ptm,250,iwls-nuts,FALSE,"0.01,0.01"
68,ptm,500,iwls-nuts,FALSE,"1,0.005"
68,ptm,500,iwls-nuts,FALSE,"0.01,0.01"
69,gaussian,250,iwls-nuts,FALSE,"1,0.005"
69,gaussian,250,iwls-nuts,FALSE,"0.01,0.01"
69,gaussian,500,iwls-nuts,FALSE,"1,0.005"
69,gaussian,500,iwls-nuts,FALSE,"0.01,0.01"
69,mixture,250,iwls-nuts,FALSE,"1,0.005"
69,mixture,250,iwls-nuts,FALSE,"0.01,0.01"
69,mixture,500,iwls-nuts,FALSE,"1,0.005"
69,mixture,500,iwls-nuts,FALSE,"0.01,0.01"
69,skewnorm,250,iwls-nuts,FALSE,"1,0.005"
69,skewnorm,250,iwls-nuts,FALSE,"0.01,0.01"
69,skewnorm,500,iwls-nuts,FALSE,"1,0.005"
69,skewnorm,500,iwls-nuts,FALSE,"0.01,0.01"
69,ptm,250,iwls-nuts,FALSE,"1,0.005"
69,ptm,250,iwls-nuts,FALSE,"0.01,0.01"
69,ptm,500,iwls-nuts,FALSE,"1,0.005"
69,ptm,500,iwls-nuts,FALSE,"0.01,0.01"
70,gaussian,250,iwls-nuts,FALSE,"1,0.005"
70,gaussian,250,iwls-nuts,FALSE,"0.01,0.01"
70,gaussian,500,iwls-nuts,FALSE,"1,0.005"
70,gaussian,500,iwls-nuts,FALSE,"0.01,0.01"
70,mixture,250,iwls-nuts,FALSE,"1,0.005"
70,mixture,250,iwls-nuts,FALSE,"0.01,0.01"
70,mixture,500,iwls-nuts,FALSE,"1,0.005"
70,mixture,500,iwls-nuts,FALSE,"0.01,0.01"
70,skewnorm,250,iwls-nuts,FALSE,"1,0.005"
70,skewnorm,250,iwls-nuts,FALSE,"0.01,0.01"
70,skewnorm,500,iwls-nuts,FALSE,"1,0.005"
70,skewnorm,500,iwls-nuts,FALSE,"0.01,0.01"
70,ptm,250,iwls-nuts,FALSE,"1,0.005"
70,ptm,250,iwls-nuts,FALSE,"0.01,0.01"
70,ptm,500,iwls-nuts,FALSE,"1,0.005"
70,ptm,500,iwls-nuts,FALSE,"0.01,0.01"
71,gaussian,250,iwls-nuts,FALSE,"1,0.005"
71,gaussian,250,iwls-nuts,FALSE,"0.01,0.01"
71,gaussian,500,iwls-nuts,FALSE,"1,0.005"
71,gaussian,500,iwls-nuts,FALSE,"0.01,0.01"
71,mixture,250,iwls-nuts,FALSE,"1,0.005"
71,mixture,250,iwls-nuts,FALSE,"0.01,0.01"
71,mixture,500,iwls-nuts,FALSE,"1,0.005"
71,mixture,500,iwls-nuts,FALSE,"0.01,0.01"
71,skewnorm,250,iwls-nuts,FALSE,"1,0.005"
71,skewnorm,250,iwls-nuts,FALSE,"0.01,0.01"
71,skewnorm,500,iwls-nuts,FALSE,"1,0.005"
71,skewnorm,500,iwls-nuts,FALSE,"0.01,0.01"
71,ptm,250,iwls-nuts,FALSE,"1,0.005"
71,ptm,250,iwls-nuts,FALSE,"0.01,0.01"
71,ptm,500,iwls-nuts,FALSE,"1,0.005"
71,ptm,500,iwls-nuts,FALSE,"0.01,0.01"
72,gaussian,250,iwls-nuts,FALSE,"1,0.005"
72,gaussian,250,iwls-nuts,FALSE,"0.01,0.01"
72,gaussian,500,iwls-nuts,FALSE,"1,0.005"
72,gaussian,500,iwls-nuts,FALSE,"0.01,0.01"
72,mixture,250,iwls-nuts,FALSE,"1,0.005"
72,mixture,250,iwls-nuts,FALSE,"0.01,0.01"
72,mixture,500,iwls-nuts,FALSE,"1,0.005"
72,mixture,500,iwls-nuts,FALSE,"0.01,0.01"
72,skewnorm,250,iwls-nuts,FALSE,"1,0.005"
72,skewnorm,250,iwls-nuts,FALSE,"0.01,0.01"
72,skewnorm,500,iwls-nuts,FALSE,"1,0.005"
72,skewnorm,500,iwls-nuts,FALSE,"0.01,0.01"
72,ptm,250,iwls-nuts,FALSE,"1,0.005"
72,ptm,250,iwls-nuts,FALSE,"0.01,0.01"
72,ptm,500,iwls-nuts,FALSE,"1,0.005"
72,ptm,500,iwls-nuts,FALSE,"0.01,0.01"
73,gaussian,250,iwls-nuts,FALSE,"1,0.005"
73,gaussian,250,iwls-nuts,FALSE,"0.01,0.01"
73,gaussian,500,iwls-nuts,FALSE,"1,0.005"
73,gaussian,500,iwls-nuts,FALSE,"0.01,0.01"
73,mixture,250,iwls-nuts,FALSE,"1,0.005"
73,mixture,250,iwls-nuts,FALSE,"0.01,0.01"
73,mixture,500,iwls-nuts,FALSE,"1,0.005"
73,mixture,500,iwls-nuts,FALSE,"0.01,0.01"
73,skewnorm,250,iwls-nuts,FALSE,"1,0.005"
73,skewnorm,250,iwls-nuts,FALSE,"0.01,0.01"
73,skewnorm,500,iwls-nuts,FALSE,"1,0.005"
73,skewnorm,500,iwls-nuts,FALSE,"0.01,0.01"
73,ptm,250,iwls-nuts,FALSE,"1,0.005"
73,ptm,250,iwls-nuts,FALSE,"0.01,0.01"
73,ptm,500,iwls-nuts,FALSE,"1,0.005"
73,ptm,500,iwls-nuts,FALSE,"0.01,0.01"
74,gaussian,250,iwls-nuts,FALSE,"1,0.005"
74,gaussian,250,iwls-nuts,FALSE,"0.01,0.01"
74,gaussian,500,iwls-nuts,FALSE,"1,0.005"
74,gaussian,500,iwls-nuts,FALSE,"0.01,0.01"
74,mixture,250,iwls-nuts,FALSE,"1,0.005"
74,mixture,250,iwls-nuts,FALSE,"0.01,0.01"
74,mixture,500,iwls-nuts,FALSE,"1,0.005"
74,mixture,500,iwls-nuts,FALSE,"0.01,0.01"
74,skewnorm,250,iwls-nuts,FALSE,"1,0.005"
74,skewnorm,250,iwls-nuts,FALSE,"0.01,0.01"
74,skewnorm,500,iwls-nuts,FALSE,"1,0.005"
74,skewnorm,500,iwls-nuts,FALSE,"0.01,0.01"
74,ptm,250,iwls-nuts,FALSE,"1,0.005"
74,ptm,250,iwls-nuts,FALSE,"0.01,0.01"
74,ptm,500,iwls-nuts,FALSE,"1,0.005"
74,ptm,500,iwls-nuts,FALSE,"0.01,0.01"
75,gaussian,250,iwls-nuts,FALSE,"1,0.005"
75,gaussian,250,iwls-nuts,FALSE,"0.01,0.01"
75,gaussian,500,iwls-nuts,FALSE,"1,0.005"
75,gaussian,500,iwls-nuts,FALSE,"0.01,0.01"
75,mixture,250,iwls-nuts,FALSE,"1,0.005"
75,mixture,250,iwls-nuts,FALSE,"0.01,0.01"
75,mixture,500,iwls-nuts,FALSE,"1,0.005"
75,mixture,500,iwls-nuts,FALSE,"0.01,0.01"
75,skewnorm,250,iwls-nuts,FALSE,"1,0.005"
75,skewnorm,250,iwls-nuts,FALSE,"0.01,0.01"
75,skewnorm,500,iwls-nuts,FALSE,"1,0.005"
75,skewnorm,500,iwls-nuts,FALSE,"0.01,0.01"
75,ptm,250,iwls-nuts,FALSE,"1,0.005"
75,ptm,250,iwls-nuts,FALSE,"0.01,0.01"
75,ptm,500,iwls-nuts,FALSE,"1,0.005"
75,ptm,500,iwls-nuts,FALSE,"0.01,0.01"
76,gaussian,250,iwls-nuts,FALSE,"1,0.005"
76,gaussian,250,iwls-nuts,FALSE,"0.01,0.01"
76,gaussian,500,iwls-nuts,FALSE,"1,0.005"
76,gaussian,500,iwls-nuts,FALSE,"0.01,0.01"
76,mixture,250,iwls-nuts,FALSE,"1,0.005"
76,mixture,250,iwls-nuts,FALSE,"0.01,0.01"
76,mixture,500,iwls-nuts,FALSE,"1,0.005"
76,mixture,500,iwls-nuts,FALSE,"0.01,0.01"
76,skewnorm,250,iwls-nuts,FALSE,"1,0.005"
76,skewnorm,250,iwls-nuts,FALSE,"0.01,0.01"
76,skewnorm,500,iwls-nuts,FALSE,"1,0.005"
76,skewnorm,500,iwls-nuts,FALSE,"0.01,0.01"
76,ptm,250,iwls-nuts,FALSE,"1,0.005"
76,ptm,250,iwls-nuts,FALSE,"0.01,0.01"
76,ptm,500,iwls-nuts,FALSE,"1,0.005"
76,ptm,500,iwls-nuts,FALSE,"0.01,0.01"
77,gaussian,250,iwls-nuts,FALSE,"1,0.005"
77,gaussian,250,iwls-nuts,FALSE,"0.01,0.01"
77,gaussian,500,iwls-nuts,FALSE,"1,0.005"
77,gaussian,500,iwls-nuts,FALSE,"0.01,0.01"
77,mixture,250,iwls-nuts,FALSE,"1,0.005"
77,mixture,250,iwls-nuts,FALSE,"0.01,0.01"
77,mixture,500,iwls-nuts,FALSE,"1,0.005"
77,mixture,500,iwls-nuts,FALSE,"0.01,0.01"
77,skewnorm,250,iwls-nuts,FALSE,"1,0.005"
77,skewnorm,250,iwls-nuts,FALSE,"0.01,0.01"
77,skewnorm,500,iwls-nuts,FALSE,"1,0.005"
77,skewnorm,500,iwls-nuts,FALSE,"0.01,0.01"
77,ptm,250,iwls-nuts,FALSE,"1,0.005"
77,ptm,250,iwls-nuts,FALSE,"0.01,0.01"
77,ptm,500,iwls-nuts,FALSE,"1,0.005"
77,ptm,500,iwls-nuts,FALSE,"0.01,0.01"
78,gaussian,250,iwls-nuts,FALSE,"1,0.005"
78,gaussian,250,iwls-nuts,FALSE,"0.01,0.01"
78,gaussian,500,iwls-nuts,FALSE,"1,0.005"
78,gaussian,500,iwls-nuts,FALSE,"0.01,0.01"
78,mixture,250,iwls-nuts,FALSE,"1,0.005"
78,mixture,250,iwls-nuts,FALSE,"0.01,0.01"
78,mixture,500,iwls-nuts,FALSE,"1,0.005"
78,mixture,500,iwls-nuts,FALSE,"0.01,0.01"
78,skewnorm,250,iwls-nuts,FALSE,"1,0.005"
78,skewnorm,250,iwls-nuts,FALSE,"0.01,0.01"
78,skewnorm,500,iwls-nuts,FALSE,"1,0.005"
78,skewnorm,500,iwls-nuts,FALSE,"0.01,0.01"
78,ptm,250,iwls-nuts,FALSE,"1,0.005"
78,ptm,250,iwls-nuts,FALSE,"0.01,0.01"
78,ptm,500,iwls-nuts,FALSE,"1,0.005"
78,ptm,500,iwls-nuts,FALSE,"0.01,0.01"
79,gaussian,250,iwls-nuts,FALSE,"1,0.005"
79,gaussian,250,iwls-nuts,FALSE,"0.01,0.01"
79,gaussian,500,iwls-nuts,FALSE,"1,0.005"
79,gaussian,500,iwls-nuts,FALSE,"0.01,0.01"
79,mixture,250,iwls-nuts,FALSE,"1,0.005"
79,mixture,250,iwls-nuts,FALSE,"0.01,0.01"
79,mixture,500,iwls-nuts,FALSE,"1,0.005"
79,mixture,500,iwls-nuts,FALSE,"0.01,0.01"
79,skewnorm,250,iwls-nuts,FALSE,"1,0.005"
79,skewnorm,250,iwls-nuts,FALSE,"0.01,0.01"
79,skewnorm,500,iwls-nuts,FALSE,"1,0.005"
79,skewnorm,500,iwls-nuts,FALSE,"0.01,0.01"
79,ptm,250,iwls-nuts,FALSE,"1,0.005"
79,ptm,250,iwls-nuts,FALSE,"0.01,0.01"
79,ptm,500,iwls-nuts,FALSE,"1,0.005"
79,ptm,500,iwls-nuts,FALSE,"0.01,0.01"
80,gaussian,250,iwls-nuts,FALSE,"1,0.005"
80,gaussian,250,iwls-nuts,FALSE,"0.01,0.01"
80,gaussian,500,iwls-nuts,FALSE,"1,0.005"
80,gaussian,500,iwls-nuts,FALSE,"0.01,0.01"
80,mixture,250,iwls-nuts,FALSE,"1,0.005"
80,mixture,250,iwls-nuts,FALSE,"0.01,0.01"
80,mixture,500,iwls-nuts,FALSE,"1,0.005"
80,mixture,500,iwls-nuts,FALSE,"0.01,0.01"
80,skewnorm,250,iwls-nuts,FALSE,"1,0.005"
80,skewnorm,250,iwls-nuts,FALSE,"0.01,0.01"
80,skewnorm,500,iwls-nuts,FALSE,"1,0.005"
80,skewnorm,500,iwls-nuts,FALSE,"0.01,0.01"
80,ptm,250,iwls-nuts,FALSE,"1,0.005"
80,ptm,250,iwls-nuts,FALSE,"0.01,0.01"
80,ptm,500,iwls-nuts,FALSE,"1,0.005"
80,ptm,500,iwls-nuts,FALSE,"0.01,0.01"
81,gaussian,250,iwls-nuts,FALSE,"1,0.005"
81,gaussian,250,iwls-nuts,FALSE,"0.01,0.01"
81,gaussian,500,iwls-nuts,FALSE,"1,0.005"
81,gaussian,500,iwls-nuts,FALSE,"0.01,0.01"
81,mixture,250,iwls-nuts,FALSE,"1,0.005"
81,mixture,250,iwls-nuts,FALSE,"0.01,0.01"
81,mixture,500,iwls-nuts,FALSE,"1,0.005"
81,mixture,500,iwls-nuts,FALSE,"0.01,0.01"
81,skewnorm,250,iwls-nuts,FALSE,"1,0.005"
81,skewnorm,250,iwls-nuts,FALSE,"0.01,0.01"
81,skewnorm,500,iwls-nuts,FALSE,"1,0.005"
81,skewnorm,500,iwls-nuts,FALSE,"0.01,0.01"
81,ptm,250,iwls-nuts,FALSE,"1,0.005"
81,ptm,250,iwls-nuts,FALSE,"0.01,0.01"
81,ptm,500,iwls-nuts,FALSE,"1,0.005"
81,ptm,500,iwls-nuts,FALSE,"0.01,0.01"
82,gaussian,250,iwls-nuts,FALSE,"1,0.005"
82,gaussian,250,iwls-nuts,FALSE,"0.01,0.01"
82,gaussian,500,iwls-nuts,FALSE,"1,0.005"
82,gaussian,500,iwls-nuts,FALSE,"0.01,0.01"
82,mixture,250,iwls-nuts,FALSE,"1,0.005"
82,mixture,250,iwls-nuts,FALSE,"0.01,0.01"
82,mixture,500,iwls-nuts,FALSE,"1,0.005"
82,mixture,500,iwls-nuts,FALSE,"0.01,0.01"
82,skewnorm,250,iwls-nuts,FALSE,"1,0.005"
82,skewnorm,250,iwls-nuts,FALSE,"0.01,0.01"
82,skewnorm,500,iwls-nuts,FALSE,"1,0.005"
82,skewnorm,500,iwls-nuts,FALSE,"0.01,0.01"
82,ptm,250,iwls-nuts,FALSE,"1,0.005"
82,ptm,250,iwls-nuts,FALSE,"0.01,0.01"
82,ptm,500,iwls-nuts,FALSE,"1,0.005"
82,ptm,500,iwls-nuts,FALSE,"0.01,0.01"
83,gaussian,250,iwls-nuts,FALSE,"1,0.005"
83,gaussian,250,iwls-nuts,FALSE,"0.01,0.01"
83,gaussian,500,iwls-nuts,FALSE,"1,0.005"
83,gaussian,500,iwls-nuts,FALSE,"0.01,0.01"
83,mixture,250,iwls-nuts,FALSE,"1,0.005"
83,mixture,250,iwls-nuts,FALSE,"0.01,0.01"
83,mixture,500,iwls-nuts,FALSE,"1,0.005"
83,mixture,500,iwls-nuts,FALSE,"0.01,0.01"
83,skewnorm,250,iwls-nuts,FALSE,"1,0.005"
83,skewnorm,250,iwls-nuts,FALSE,"0.01,0.01"
83,skewnorm,500,iwls-nuts,FALSE,"1,0.005"
83,skewnorm,500,iwls-nuts,FALSE,"0.01,0.01"
83,ptm,250,iwls-nuts,FALSE,"1,0.005"
83,ptm,250,iwls-nuts,FALSE,"0.01,0.01"
83,ptm,500,iwls-nuts,FALSE,"1,0.005"
83,ptm,500,iwls-nuts,FALSE,"0.01,0.01"
84,gaussian,250,iwls-nuts,FALSE,"1,0.005"
84,gaussian,250,iwls-nuts,FALSE,"0.01,0.01"
84,gaussian,500,iwls-nuts,FALSE,"1,0.005"
84,gaussian,500,iwls-nuts,FALSE,"0.01,0.01"
84,mixture,250,iwls-nuts,FALSE,"1,0.005"
84,mixture,250,iwls-nuts,FALSE,"0.01,0.01"
84,mixture,500,iwls-nuts,FALSE,"1,0.005"
84,mixture,500,iwls-nuts,FALSE,"0.01,0.01"
84,skewnorm,250,iwls-nuts,FALSE,"1,0.005"
84,skewnorm,250,iwls-nuts,FALSE,"0.01,0.01"
84,skewnorm,500,iwls-nuts,FALSE,"1,0.005"
84,skewnorm,500,iwls-nuts,FALSE,"0.01,0.01"
84,ptm,250,iwls-nuts,FALSE,"1,0.005"
84,ptm,250,iwls-nuts,FALSE,"0.01,0.01"
84,ptm,500,iwls-nuts,FALSE,"1,0.005"
84,ptm,500,iwls-nuts,FALSE,"0.01,0.01"
85,gaussian,250,iwls-nuts,FALSE,"1,0.005"
85,gaussian,250,iwls-nuts,FALSE,"0.01,0.01"
85,gaussian,500,iwls-nuts,FALSE,"1,0.005"
85,gaussian,500,iwls-nuts,FALSE,"0.01,0.01"
85,mixture,250,iwls-nuts,FALSE,"1,0.005"
85,mixture,250,iwls-nuts,FALSE,"0.01,0.01"
85,mixture,500,iwls-nuts,FALSE,"1,0.005"
85,mixture,500,iwls-nuts,FALSE,"0.01,0.01"
85,skewnorm,250,iwls-nuts,FALSE,"1,0.005"
85,skewnorm,250,iwls-nuts,FALSE,"0.01,0.01"
85,skewnorm,500,iwls-nuts,FALSE,"1,0.005"
85,skewnorm,500,iwls-nuts,FALSE,"0.01,0.01"
85,ptm,250,iwls-nuts,FALSE,"1,0.005"
85,ptm,250,iwls-nuts,FALSE,"0.01,0.01"
85,ptm,500,iwls-nuts,FALSE,"1,0.005"
85,ptm,500,iwls-nuts,FALSE,"0.01,0.01"
86,gaussian,250,iwls-nuts,FALSE,"1,0.005"
86,gaussian,250,iwls-nuts,FALSE,"0.01,0.01"
86,gaussian,500,iwls-nuts,FALSE,"1,0.005"
86,gaussian,500,iwls-nuts,FALSE,"0.01,0.01"
86,mixture,250,iwls-nuts,FALSE,"1,0.005"
86,mixture,250,iwls-nuts,FALSE,"0.01,0.01"
86,mixture,500,iwls-nuts,FALSE,"1,0.005"
86,mixture,500,iwls-nuts,FALSE,"0.01,0.01"
86,skewnorm,250,iwls-nuts,FALSE,"1,0.005"
86,skewnorm,250,iwls-nuts,FALSE,"0.01,0.01"
86,skewnorm,500,iwls-nuts,FALSE,"1,0.005"
86,skewnorm,500,iwls-nuts,FALSE,"0.01,0.01"
86,ptm,250,iwls-nuts,FALSE,"1,0.005"
86,ptm,250,iwls-nuts,FALSE,"0.01,0.01"
86,ptm,500,iwls-nuts,FALSE,"1,0.005"
86,ptm,500,iwls-nuts,FALSE,"0.01,0.01"
87,gaussian,250,iwls-nuts,FALSE,"1,0.005"
87,gaussian,250,iwls-nuts,FALSE,"0.01,0.01"
87,gaussian,500,iwls-nuts,FALSE,"1,0.005"
87,gaussian,500,iwls-nuts,FALSE,"0.01,0.01"
87,mixture,250,iwls-nuts,FALSE,"1,0.005"
87,mixture,250,iwls-nuts,FALSE,"0.01,0.01"
87,mixture,500,iwls-nuts,FALSE,"1,0.005"
87,mixture,500,iwls-nuts,FALSE,"0.01,0.01"
87,skewnorm,250,iwls-nuts,FALSE,"1,0.005"
87,skewnorm,250,iwls-nuts,FALSE,"0.01,0.01"
87,skewnorm,500,iwls-nuts,FALSE,"1,0.005"
87,skewnorm,500,iwls-nuts,FALSE,"0.01,0.01"
87,ptm,250,iwls-nuts,FALSE,"1,0.005"
87,ptm,250,iwls-nuts,FALSE,"0.01,0.01"
87,ptm,500,iwls-nuts,FALSE,"1,0.005"
87,ptm,500,iwls-nuts,FALSE,"0.01,0.01"
88,gaussian,250,iwls-nuts,FALSE,"1,0.005"
88,gaussian,250,iwls-nuts,FALSE,"0.01,0.01"
88,gaussian,500,iwls-nuts,FALSE,"1,0.005"
88,gaussian,500,iwls-nuts,FALSE,"0.01,0.01"
88,mixture,250,iwls-nuts,FALSE,"1,0.005"
88,mixture,250,iwls-nuts,FALSE,"0.01,0.01"
88,mixture,500,iwls-nuts,FALSE,"1,0.005"
88,mixture,500,iwls-nuts,FALSE,"0.01,0.01"
88,skewnorm,250,iwls-nuts,FALSE,"1,0.005"
88,skewnorm,250,iwls-nuts,FALSE,"0.01,0.01"
88,skewnorm,500,iwls-nuts,FALSE,"1,0.005"
88,skewnorm,500,iwls-nuts,FALSE,"0.01,0.01"
88,ptm,250,iwls-nuts,FALSE,"1,0.005"
88,ptm,250,iwls-nuts,FALSE,"0.01,0.01"
88,ptm,500,iwls-nuts,FALSE,"1,0.005"
88,ptm,500,iwls-nuts,FALSE,"0.01,0.01"
89,gaussian,250,iwls-nuts,FALSE,"1,0.005"
89,gaussian,250,iwls-nuts,FALSE,"0.01,0.01"
89,gaussian,500,iwls-nuts,FALSE,"1,0.005"
89,gaussian,500,iwls-nuts,FALSE,"0.01,0.01"
89,mixture,250,iwls-nuts,FALSE,"1,0.005"
89,mixture,250,iwls-nuts,FALSE,"0.01,0.01"
89,mixture,500,iwls-nuts,FALSE,"1,0.005"
89,mixture,500,iwls-nuts,FALSE,"0.01,0.01"
89,skewnorm,250,iwls-nuts,FALSE,"1,0.005"
89,skewnorm,250,iwls-nuts,FALSE,"0.01,0.01"
89,skewnorm,500,iwls-nuts,FALSE,"1,0.005"
89,skewnorm,500,iwls-nuts,FALSE,"0.01,0.01"
89,ptm,250,iwls-nuts,FALSE,"1,0.005"
89,ptm,250,iwls-nuts,FALSE,"0.01,0.01"
89,ptm,500,iwls-nuts,FALSE,"1,0.005"
89,ptm,500,iwls-nuts,FALSE,"0.01,0.01"
90,gaussian,250,iwls-nuts,FALSE,"1,0.005"
90,gaussian,250,iwls-nuts,FALSE,"0.01,0.01"
90,gaussian,500,iwls-nuts,FALSE,"1,0.005"
90,gaussian,500,iwls-nuts,FALSE,"0.01,0.01"
90,mixture,250,iwls-nuts,FALSE,"1,0.005"
90,mixture,250,iwls-nuts,FALSE,"0.01,0.01"
90,mixture,500,iwls-nuts,FALSE,"1,0.005"
90,mixture,500,iwls-nuts,FALSE,"0.01,0.01"
90,skewnorm,250,iwls-nuts,FALSE,"1,0.005"
90,skewnorm,250,iwls-nuts,FALSE,"0.01,0.01"
90,skewnorm,500,iwls-nuts,FALSE,"1,0.005"
90,skewnorm,500,iwls-nuts,FALSE,"0.01,0.01"
90,ptm,250,iwls-nuts,FALSE,"1,0.005"
90,ptm,250,iwls-nuts,FALSE,"0.01,0.01"
90,ptm,500,iwls-nuts,FALSE,"1,0.005"
90,ptm,500,iwls-nuts,FALSE,"0.01,0.01"
91,gaussian,250,iwls-nuts,FALSE,"1,0.005"
91,gaussian,250,iwls-nuts,FALSE,"0.01,0.01"
91,gaussian,500,iwls-nuts,FALSE,"1,0.005"
91,gaussian,500,iwls-nuts,FALSE,"0.01,0.01"
91,mixture,250,iwls-nuts,FALSE,"1,0.005"
91,mixture,250,iwls-nuts,FALSE,"0.01,0.01"
91,mixture,500,iwls-nuts,FALSE,"1,0.005"
91,mixture,500,iwls-nuts,FALSE,"0.01,0.01"
91,skewnorm,250,iwls-nuts,FALSE,"1,0.005"
91,skewnorm,250,iwls-nuts,FALSE,"0.01,0.01"
91,skewnorm,500,iwls-nuts,FALSE,"1,0.005"
91,skewnorm,500,iwls-nuts,FALSE,"0.01,0.01"
91,ptm,250,iwls-nuts,FALSE,"1,0.005"
91,ptm,250,iwls-nuts,FALSE,"0.01,0.01"
91,ptm,500,iwls-nuts,FALSE,"1,0.005"
91,ptm,500,iwls-nuts,FALSE,"0.01,0.01"
92,gaussian,250,iwls-nuts,FALSE,"1,0.005"
92,gaussian,250,iwls-nuts,FALSE,"0.01,0.01"
92,gaussian,500,iwls-nuts,FALSE,"1,0.005"
92,gaussian,500,iwls-nuts,FALSE,"0.01,0.01"
92,mixture,250,iwls-nuts,FALSE,"1,0.005"
92,mixture,250,iwls-nuts,FALSE,"0.01,0.01"
92,mixture,500,iwls-nuts,FALSE,"1,0.005"
92,mixture,500,iwls-nuts,FALSE,"0.01,0.01"
92,skewnorm,250,iwls-nuts,FALSE,"1,0.005"
92,skewnorm,250,iwls-nuts,FALSE,"0.01,0.01"
92,skewnorm,500,iwls-nuts,FALSE,"1,0.005"
92,skewnorm,500,iwls-nuts,FALSE,"0.01,0.01"
92,ptm,250,iwls-nuts,FALSE,"1,0.005"
92,ptm,250,iwls-nuts,FALSE,"0.01,0.01"
92,ptm,500,iwls-nuts,FALSE,"1,0.005"
92,ptm,500,iwls-nuts,FALSE,"0.01,0.01"
93,gaussian,250,iwls-nuts,FALSE,"1,0.005"
93,gaussian,250,iwls-nuts,FALSE,"0.01,0.01"
93,gaussian,500,iwls-nuts,FALSE,"1,0.005"
93,gaussian,500,iwls-nuts,FALSE,"0.01,0.01"
93,mixture,250,iwls-nuts,FALSE,"1,0.005"
93,mixture,250,iwls-nuts,FALSE,"0.01,0.01"
93,mixture,500,iwls-nuts,FALSE,"1,0.005"
93,mixture,500,iwls-nuts,FALSE,"0.01,0.01"
93,skewnorm,250,iwls-nuts,FALSE,"1,0.005"
93,skewnorm,250,iwls-nuts,FALSE,"0.01,0.01"
93,skewnorm,500,iwls-nuts,FALSE,"1,0.005"
93,skewnorm,500,iwls-nuts,FALSE,"0.01,0.01"
93,ptm,250,iwls-nuts,FALSE,"1,0.005"
93,ptm,250,iwls-nuts,FALSE,"0.01,0.01"
93,ptm,500,iwls-nuts,FALSE,"1,0.005"
93,ptm,500,iwls-nuts,FALSE,"0.01,0.01"
94,gaussian,250,iwls-nuts,FALSE,"1,0.005"
94,gaussian,250,iwls-nuts,FALSE,"0.01,0.01"
94,gaussian,500,iwls-nuts,FALSE,"1,0.005"
94,gaussian,500,iwls-nuts,FALSE,"0.01,0.01"
94,mixture,250,iwls-nuts,FALSE,"1,0.005"
94,mixture,250,iwls-nuts,FALSE,"0.01,0.01"
94,mixture,500,iwls-nuts,FALSE,"1,0.005"
94,mixture,500,iwls-nuts,FALSE,"0.01,0.01"
94,skewnorm,250,iwls-nuts,FALSE,"1,0.005"
94,skewnorm,250,iwls-nuts,FALSE,"0.01,0.01"
94,skewnorm,500,iwls-nuts,FALSE,"1,0.005"
94,skewnorm,500,iwls-nuts,FALSE,"0.01,0.01"
94,ptm,250,iwls-nuts,FALSE,"1,0.005"
94,ptm,250,iwls-nuts,FALSE,"0.01,0.01"
94,ptm,500,iwls-nuts,FALSE,"1,0.005"
94,ptm,500,iwls-nuts,FALSE,"0.01,0.01"
95,gaussian,250,iwls-nuts,FALSE,"1,0.005"
95,gaussian,250,iwls-nuts,FALSE,"0.01,0.01"
95,gaussian,500,iwls-nuts,FALSE,"1,0.005"
95,gaussian,500,iwls-nuts,FALSE,"0.01,0.01"
95,mixture,250,iwls-nuts,FALSE,"1,0.005"
95,mixture,250,iwls-nuts,FALSE,"0.01,0.01"
95,mixture,500,iwls-nuts,FALSE,"1,0.005"
95,mixture,500,iwls-nuts,FALSE,"0.01,0.01"
95,skewnorm,250,iwls-nuts,FALSE,"1,0.005"
95,skewnorm,250,iwls-nuts,FALSE,"0.01,0.01"
95,skewnorm,500,iwls-nuts,FALSE,"1,0.005"
95,skewnorm,500,iwls-nuts,FALSE,"0.01,0.01"
95,ptm,250,iwls-nuts,FALSE,"1,0.005"
95,ptm,250,iwls-nuts,FALSE,"0.01,0.01"
95,ptm,500,iwls-nuts,FALSE,"1,0.005"
95,ptm,500,iwls-nuts,FALSE,"0.01,0.01"
96,gaussian,250,iwls-nuts,FALSE,"1,0.005"
96,gaussian,250,iwls-nuts,FALSE,"0.01,0.01"
96,gaussian,500,iwls-nuts,FALSE,"1,0.005"
96,gaussian,500,iwls-nuts,FALSE,"0.01,0.01"
96,mixture,250,iwls-nuts,FALSE,"1,0.005"
96,mixture,250,iwls-nuts,FALSE,"0.01,0.01"
96,mixture,500,iwls-nuts,FALSE,"1,0.005"
96,mixture,500,iwls-nuts,FALSE,"0.01,0.01"
96,skewnorm,250,iwls-nuts,FALSE,"1,0.005"
96,skewnorm,250,iwls-nuts,FALSE,"0.01,0.01"
96,skewnorm,500,iwls-nuts,FALSE,"1,0.005"
96,skewnorm,500,iwls-nuts,FALSE,"0.01,0.01"
96,ptm,250,iwls-nuts,FALSE,"1,0.005"
96,ptm,250,iwls-nuts,FALSE,"0.01,0.01"
96,ptm,500,iwls-nuts,FALSE,"1,0.005"
96,ptm,500,iwls-nuts,FALSE,"0.01,0.01"
97,gaussian,250,iwls-nuts,FALSE,"1,0.005"
97,gaussian,250,iwls-nuts,FALSE,"0.01,0.01"
97,gaussian,500,iwls-nuts,FALSE,"1,0.005"
97,gaussian,500,iwls-nuts,FALSE,"0.01,0.01"
97,mixture,250,iwls-nuts,FALSE,"1,0.005"
97,mixture,250,iwls-nuts,FALSE,"0.01,0.01"
97,mixture,500,iwls-nuts,FALSE,"1,0.005"
97,mixture,500,iwls-nuts,FALSE,"0.01,0.01"
97,skewnorm,250,iwls-nuts,FALSE,"1,0.005"
97,skewnorm,250,iwls-nuts,FALSE,"0.01,0.01"
97,skewnorm,500,iwls-nuts,FALSE,"1,0.005"
97,skewnorm,500,iwls-nuts,FALSE,"0.01,0.01"
97,ptm,250,iwls-nuts,FALSE,"1,0.005"
97,ptm,250,iwls-nuts,FALSE,"0.01,0.01"
97,ptm,500,iwls-nuts,FALSE,"1,0.005"
97,ptm,500,iwls-nuts,FALSE,"0.01,0.01"
98,gaussian,250,iwls-nuts,FALSE,"1,0.005"
98,gaussian,250,iwls-nuts,FALSE,"0.01,0.01"
98,gaussian,500,iwls-nuts,FALSE,"1,0.005"
98,gaussian,500,iwls-nuts,FALSE,"0.01,0.01"
98,mixture,250,iwls-nuts,FALSE,"1,0.005"
98,mixture,250,iwls-nuts,FALSE,"0.01,0.01"
98,mixture,500,iwls-nuts,FALSE,"1,0.005"
98,mixture,500,iwls-nuts,FALSE,"0.01,0.01"
98,skewnorm,250,iwls-nuts,FALSE,"1,0.005"
98,skewnorm,250,iwls-nuts,FALSE,"0.01,0.01"
98,skewnorm,500,iwls-nuts,FALSE,"1,0.005"
98,skewnorm,500,iwls-nuts,FALSE,"0.01,0.01"
98,ptm,250,iwls-nuts,FALSE,"1,0.005"
98,ptm,250,iwls-nuts,FALSE,"0.01,0.01"
98,ptm,500,iwls-nuts,FALSE,"1,0.005"
98,ptm,500,iwls-nuts,FALSE,"0.01,0.01"
99,gaussian,250,iwls-nuts,FALSE,"1,0.005"
99,gaussian,250,iwls-nuts,FALSE,"0.01,0.01"
99,gaussian,500,iwls-nuts,FALSE,"1,0.005"
99,gaussian,500,iwls-nuts,FALSE,"0.01,0.01"
99,mixture,250,iwls-nuts,FALSE,"1,0.005"
99,mixture,250,iwls-nuts,FALSE,"0.01,0.01"
99,mixture,500,iwls-nuts,FALSE,"1,0.005"
99,mixture,500,iwls-nuts,FALSE,"0.01,0.01"
99,skewnorm,250,iwls-nuts,FALSE,"1,0.005"
99,skewnorm,250,iwls-nuts,FALSE,"0.01,0.01"
99,skewnorm,500,iwls-nuts,FALSE,"1,0.005"
99,skewnorm,500,iwls-nuts,FALSE,"0.01,0.01"
99,ptm,250,iwls-nuts,FALSE,"1,0.005"
99,ptm,250,iwls-nuts,FALSE,"0.01,0.01"
99,ptm,500,iwls-nuts,FALSE,"1,0.005"
99,ptm,500,iwls-nuts,FALSE,"0.01,0.01"
100,gaussian,250,iwls-nuts,FALSE,"1,0.005"
100,gaussian,250,iwls-nuts,FALSE,"0.01,0.01"
100,gaussian,500,iwls-nuts,FALSE,"1,0.005"
100,gaussian,500,iwls-nuts,FALSE,"0.01,0.01"
100,mixture,250,iwls-nuts,FALSE,"1,0.005"
100,mixture,250,iwls-nuts,FALSE,"0.01,0.01"
100,mixture,500,iwls-nuts,FALSE,"1,0.005"
100,mixture,500,iwls-nuts,FALSE,"0.01,0.01"
100,skewnorm,250,iwls-nuts,FALSE,"1,0.005"
100,skewnorm,250,iwls-nuts,FALSE,"0.01,0.01"
100,skewnorm,500,iwls-nuts,FALSE,"1,0.005"
100,skewnorm,500,iwls-nuts,FALSE,"0.01,0.01"
100,ptm,250,iwls-nuts,FALSE,"1,0.005"
100,ptm,250,iwls-nuts,FALSE,"0.01,0.01"
100,ptm,500,iwls-nuts,FALSE,"1,0.005"
100,ptm,500,iwls-nuts,FALSE,"0.01,0.01"
