variable,ess_bulk_min,ess_bulk_median,ess_tail_min,ess_tail_median,rhat_max,rhat_median,ess_bulk_min_per_minute,ess_tail_min_per_minute,ess_bulk_median_per_minute,ess_tail_median_per_minute,data_type,data_seed,model,ntrain,ntest,job,run,acceptance_prob,position_moved,kernel,mcmc_strategy,apply_jitter
intercept,8122.902123861264,8122.902123861264,7527.095310522803,7527.095310522803,0.9998564359550332,0.9998564359550332,1065.0854621454655,986.962499999966,1065.0854621454655,986.962499999966,mixture,2,bctm-locshift,2000,5000,005-bctm-locshift,20260109-213150,NA,NA,NA,NA,NA
x0_coef,1988.0769110344663,4361.1962676603,2051.168262470015,4319.861955333869,1.0036576122278045,1.0017521543144774,260.67922317440446,268.9518430061415,571.8457112271595,566.4259025829882,mixture,2,bctm-locshift,2000,5000,005-bctm-locshift,20260109-213150,NA,NA,NA,NA,NA
x0_igvar,326.6108780349405,326.6108780349405,607.5780535627949,607.5780535627949,1.0239396224220303,1.0239396224220303,42.82564195273349,79.66642243139066,42.82564195273349,79.66642243139066,mixture,2,bctm-locshift,2000,5000,005-bctm-locshift,20260109-213150,NA,NA,NA,NA,NA
x1_coef,6084.185445457737,9529.582445561397,5366.716723357927,6857.813272165298,1.0010575687818115,1.0002276249387791,797.7662869922261,703.6908575705378,1249.5312104363145,899.2053710502441,mixture,2,bctm-locshift,2000,5000,005-bctm-locshift,20260109-213150,NA,NA,NA,NA,NA
x1_igvar,1155.6117377424257,1155.6117377424257,1682.5813137848168,1682.5813137848168,1.0013394262482138,1.0013394262482138,151.5253099183025,220.6222442254352,151.5253099183025,220.6222442254352,mixture,2,bctm-locshift,2000,5000,005-bctm-locshift,20260109-213150,NA,NA,NA,NA,NA
x2_coef,694.9867012401584,8415.609172514372,963.1918040601508,6967.217816503826,1.0125729339327414,1.000411606388882,91.12755768666815,126.29495863905252,1103.4655900152982,913.5506368051174,mixture,2,bctm-locshift,2000,5000,005-bctm-locshift,20260109-213150,NA,NA,NA,NA,NA
x2_igvar,3567.8391752351467,3567.8391752351467,4483.376839735427,4483.376839735427,1.0007043177194193,1.0007043177194193,467.8197002587601,587.8661863097739,467.8197002587601,587.8661863097739,mixture,2,bctm-locshift,2000,5000,005-bctm-locshift,20260109-213150,NA,NA,NA,NA,NA
x3_coef,708.7163421871063,5085.127083131553,1021.050739496172,5663.7929073535315,1.007901493591544,1.0007762097453337,92.92780601541696,133.88149729832,666.7684587132541,742.6438721333874,mixture,2,bctm-locshift,2000,5000,005-bctm-locshift,20260109-213150,NA,NA,NA,NA,NA
x3_igvar,2123.9371769325635,2123.9371769325635,3979.854845689501,3979.854845689501,1.0012617720356771,1.0012617720356771,278.4933974540885,521.8437293662842,278.4933974540885,521.8437293662842,mixture,2,bctm-locshift,2000,5000,005-bctm-locshift,20260109-213150,NA,NA,NA,NA,NA
y_coef,3146.6838980541934,9381.87288514667,3041.7458120185593,5530.218640521899,1.0014240024794248,1.0004919782646389,412.5972740628812,398.837656113823,1230.1633412906947,725.1294410163124,mixture,2,bctm-locshift,2000,5000,005-bctm-locshift,20260109-213150,NA,NA,NA,NA,NA
y_igvar,986.8442781705944,986.8442781705944,1628.22806390057,1628.22806390057,1.0042521800972355,1.0042521800972355,129.396301722432,213.4953756027031,129.396301722432,213.4953756027031,mixture,2,bctm-locshift,2000,5000,005-bctm-locshift,20260109-213150,NA,NA,NA,NA,NA
intercept,7999.113440600318,7999.113440600318,7025.680760421192,7025.680760421192,1.0003221420652288,1.0003221420652288,298.7183656941559,262.3665597727027,298.7183656941559,262.3665597727027,mixture,6,bctm-locshift,10000,5000,005-bctm-locshift,20260109-215909,NA,NA,NA,NA,NA
x0_coef,6313.622114044313,8283.659378596276,4466.355720811653,6107.082178940711,1.0006809747996468,1.0002141926146673,235.7754885616747,166.79129398988405,309.3444304692398,228.06247482298036,mixture,6,bctm-locshift,10000,5000,005-bctm-locshift,20260109-215909,NA,NA,NA,NA,NA
x0_igvar,808.2058769085128,808.2058769085128,1137.1935900110495,1137.1935900110495,1.0038055482906034,1.0038055482906034,30.181587058028335,42.46728255681255,30.181587058028335,42.46728255681255,mixture,6,bctm-locshift,10000,5000,005-bctm-locshift,20260109-215909,NA,NA,NA,NA,NA
x1_coef,6565.254871525545,8750.32407588536,5416.679327618314,7173.677197083887,1.0012630731220176,1.0002764789103114,245.17244569049703,202.28011619673063,326.7715262013503,267.8933289599042,mixture,6,bctm-locshift,10000,5000,005-bctm-locshift,20260109-215909,NA,NA,NA,NA,NA
x1_igvar,1571.258983411613,1571.258983411613,2588.9225192484973,2588.9225192484973,1.0009787857888497,1.0009787857888497,58.67699203072597,96.68055211386888,58.67699203072597,96.68055211386888,mixture,6,bctm-locshift,10000,5000,005-bctm-locshift,20260109-215909,NA,NA,NA,NA,NA
x2_coef,718.8958664556529,6691.981469563372,1074.9903831377378,5978.055352443555,1.0073458875609398,1.0004038985198729,26.846399907512804,40.144370094561395,249.90491542441785,223.2441055089128,mixture,6,bctm-locshift,10000,5000,005-bctm-locshift,20260109-215909,NA,NA,NA,NA,NA
x2_igvar,4567.717815576473,4567.717815576473,5866.687770736112,5866.687770736112,1.0001895392807492,1.0001895392807492,170.5765533834814,219.08520186965387,170.5765533834814,219.08520186965387,mixture,6,bctm-locshift,10000,5000,005-bctm-locshift,20260109-215909,NA,NA,NA,NA,NA
x3_coef,1151.5966531000242,5441.6901959785355,1587.9731188877954,5614.319892253913,1.0035920206602489,1.0001751810791375,43.00514959656358,59.301163605552546,203.214120418153,209.66079243056907,mixture,6,bctm-locshift,10000,5000,005-bctm-locshift,20260109-215909,NA,NA,NA,NA,NA
x3_igvar,4089.487767322288,4089.487767322288,4984.470453395321,4984.470453395321,1.0000834494881603,1.0000834494881603,152.71756194634955,186.13973645275817,152.71756194634955,186.13973645275817,mixture,6,bctm-locshift,10000,5000,005-bctm-locshift,20260109-215909,NA,NA,NA,NA,NA
y_coef,2614.737430265442,8662.127801757948,2909.825945781091,5803.77518546814,1.0021627361017684,1.000351713943361,97.64458245132876,108.66434854722424,323.47793034684804,216.73579842733537,mixture,6,bctm-locshift,10000,5000,005-bctm-locshift,20260109-215909,NA,NA,NA,NA,NA
y_igvar,1684.957327716514,1684.957327716514,2958.59128437828,2958.59128437828,1.001133903833051,1.001133903833051,62.922935514975705,110.48543814127068,62.922935514975705,110.48543814127068,mixture,6,bctm-locshift,10000,5000,005-bctm-locshift,20260109-215909,NA,NA,NA,NA,NA
intercept,7811.583273350207,7811.583273350207,5767.347912140262,5767.347912140262,1.000637908828753,1.000637908828753,213.7872565075436,157.84066357807353,213.7872565075436,157.84066357807353,mixture,11,bctm-locshift,20000,5000,005-bctm-locshift,20260109-223617,NA,NA,NA,NA,NA
x0_coef,7016.508210548716,7917.206881641026,5417.887548384164,6337.246613168859,1.0008109725581038,1.0004390813208566,192.02765791582377,148.2766392553189,216.67796132995244,173.43763995490775,mixture,11,bctm-locshift,20000,5000,005-bctm-locshift,20260109-223617,NA,NA,NA,NA,NA
x0_igvar,990.5263466296652,990.5263466296652,1914.656353647893,1914.656353647893,1.0088263865678504,1.0088263865678504,27.10870546139317,52.40027721365741,27.10870546139317,52.40027721365741,mixture,11,bctm-locshift,20000,5000,005-bctm-locshift,20260109-223617,NA,NA,NA,NA,NA
x1_coef,6907.370987152085,8648.620314405462,5962.162330940154,6628.939901687112,1.0005277254631637,0.999940345307126,189.0407925447003,163.17234073825034,236.695269690081,181.4206961052182,mixture,11,bctm-locshift,20000,5000,005-bctm-locshift,20260109-223617,NA,NA,NA,NA,NA
x1_igvar,1990.410883697289,1990.410883697289,3106.1197944132496,3106.1197944132496,1.0001466070679117,1.0001466070679117,54.473525693582125,85.0082250927076,54.473525693582125,85.0082250927076,mixture,11,bctm-locshift,20000,5000,005-bctm-locshift,20260109-223617,NA,NA,NA,NA,NA
x2_coef,591.5724129434567,4477.502788793708,908.7955099684008,4959.719702842919,1.0080601539375884,1.0008343531278032,16.190142095801914,24.871897540329535,122.54020775618604,135.73751072136346,mixture,11,bctm-locshift,20000,5000,005-bctm-locshift,20260109-223617,NA,NA,NA,NA,NA
x2_igvar,5228.395415504611,5228.395415504611,6329.413009630137,6329.413009630137,0.9999934726347056,0.9999934726347056,143.09062231093213,173.2232500482131,143.09062231093213,173.2232500482131,mixture,11,bctm-locshift,20000,5000,005-bctm-locshift,20260109-223617,NA,NA,NA,NA,NA
x3_coef,923.4526643858014,3761.5349224185607,1405.8558148487684,4654.7461842225175,1.0043003250173452,1.0006974502109909,25.273034252498217,38.47543413216342,102.94561335147758,127.3910014963078,mixture,11,bctm-locshift,20000,5000,005-bctm-locshift,20260109-223617,NA,NA,NA,NA,NA
x3_igvar,4203.05425694246,4203.05425694246,5820.240768093717,5820.240768093717,1.0008333413355828,1.0008333413355828,115.0291057652272,159.28823421355727,115.0291057652272,159.28823421355727,mixture,11,bctm-locshift,20000,5000,005-bctm-locshift,20260109-223617,NA,NA,NA,NA,NA
y_coef,2163.607115177837,9374.62230757231,3138.244655845122,6147.572476907413,1.0016439255806222,1.0003634777408563,59.21355673082302,85.88741766492728,256.56447787834406,168.24664194556544,mixture,11,bctm-locshift,20000,5000,005-bctm-locshift,20260109-223617,NA,NA,NA,NA,NA
y_igvar,2226.6656040890994,2226.6656040890994,4091.323637689388,4091.323637689388,1.000872068874028,1.000872068874028,60.93934020801412,111.97126438760355,60.93934020801412,111.97126438760355,mixture,11,bctm-locshift,20000,5000,005-bctm-locshift,20260109-223617,NA,NA,NA,NA,NA
intercept,6.1147761425066225,6.1147761425066225,20.485310145956625,20.485310145956625,1.7295418609959996,1.7295418609959996,0.8059409133351166,2.7000088284863213,0.8059409133351166,2.7000088284863213,mixture,1,bctm-te,2000,5000,006-bctm-te,20260109-224425,NA,NA,NA,NA,NA
yx0_coef,4.604374494352051,4.808772686570591,14.100980722146328,24.052167372139895,2.8595225064838803,2.499943146842076,0.6068666618094415,1.8585402011902312,0.6338067920581226,3.170128437710101,mixture,1,bctm-te,2000,5000,006-bctm-te,20260109-224425,NA,NA,NA,NA,NA
yx0_igvar,37.89729644450171,37.89729644450171,316.33218265807636,316.33218265807636,1.0937991623151089,1.0937991623151089,4.994946830039297,41.69327580718788,4.994946830039297,41.69327580718788,mixture,1,bctm-te,2000,5000,006-bctm-te,20260109-224425,NA,NA,NA,NA,NA
yx0_penalty_weight,205.42221774144835,205.42221774144835,374.6755995482983,374.6755995482983,1.0357637957832366,1.0357637957832366,27.075099059636383,49.383066177227754,27.075099059636383,49.383066177227754,mixture,1,bctm-te,2000,5000,006-bctm-te,20260109-224425,NA,NA,NA,NA,NA
yx1_coef,4.663967125509634,6.064409048251321,11.559414922262384,25.030564880488527,2.743860674744773,1.7672113019609463,0.6147211013610907,1.5235562517663552,0.7993024197909336,3.299083376224017,mixture,1,bctm-te,2000,5000,006-bctm-te,20260109-224425,NA,NA,NA,NA,NA
yx1_igvar,5.52005797919429,5.52005797919429,28.446142336963728,28.446142336963728,1.9796821954065136,1.9796821954065136,0.7275557544108125,3.749263979844614,0.7275557544108125,3.749263979844614,mixture,1,bctm-te,2000,5000,006-bctm-te,20260109-224425,NA,NA,NA,NA,NA
yx1_penalty_weight,4.914960778337856,4.914960778337856,8.822393264709119,8.822393264709119,2.3894084929065573,2.3894084929065573,0.6478026155633051,1.162810791409695,0.6478026155633051,1.162810791409695,mixture,1,bctm-te,2000,5000,006-bctm-te,20260109-224425,NA,NA,NA,NA,NA
yx2_coef,4.398536298641425,5.53405273114451,11.1385210900538,20.41032464065278,3.469578887453224,1.9589043573034857,0.5797367359406803,1.468081521107082,0.7294002934267634,2.6901255743453607,mixture,1,bctm-te,2000,5000,006-bctm-te,20260109-224425,NA,NA,NA,NA,NA
yx2_igvar,4.7568716689105806,4.7568716689105806,23.890404068560372,23.890404068560372,2.5739551582363807,2.5739551582363807,0.6269661240432861,3.148807679338472,0.6269661240432861,3.148807679338472,mixture,1,bctm-te,2000,5000,006-bctm-te,20260109-224425,NA,NA,NA,NA,NA
yx2_penalty_weight,5.170094652564578,5.170094652564578,33.28694216103202,33.28694216103202,2.1470190511291962,2.1470190511291962,0.6814298200307969,4.387292018902603,0.6814298200307969,4.387292018902603,mixture,1,bctm-te,2000,5000,006-bctm-te,20260109-224425,NA,NA,NA,NA,NA
yx3_coef,4.6649441728687275,5.9217318199316775,10.929511147623408,16.52760237487069,2.743689016291116,1.8356939443926497,0.6148498783469701,1.4405335520608404,0.7804972480194421,2.1783742597946625,mixture,1,bctm-te,2000,5000,006-bctm-te,20260109-224425,NA,NA,NA,NA,NA
yx3_igvar,5.628960692569777,5.628960692569777,17.881748033123316,17.881748033123316,1.9003098211381495,1.9003098211381495,0.741909371000697,2.356853628976201,0.741909371000697,2.356853628976201,mixture,1,bctm-te,2000,5000,006-bctm-te,20260109-224425,NA,NA,NA,NA,NA
yx3_penalty_weight,4.832455228282175,4.832455228282175,10.599414001305869,10.599414001305869,2.4727641626217736,2.4727641626217736,0.6369282030226959,1.3970260238386516,0.6369282030226959,1.3970260238386516,mixture,1,bctm-te,2000,5000,006-bctm-te,20260109-224425,NA,NA,NA,NA,NA
intercept,5.25273300339238,5.25273300339238,14.618075518466974,14.618075518466974,2.099399359769578,2.099399359769578,0.17810273315605918,0.49565039792413024,0.17810273315605918,0.49565039792413024,mixture,5,bctm-te,10000,5000,006-bctm-te,20260109-231430,NA,NA,NA,NA,NA
yx0_coef,4.68712177141447,7.540386209835027,11.408027132906543,26.043911672663455,2.6858798447736354,1.4831362093756832,0.15892473453058698,0.3868083169231972,0.25566945667265945,0.8830625596200435,mixture,5,bctm-te,10000,5000,006-bctm-te,20260109-231430,NA,NA,NA,NA,NA
yx0_igvar,5.173842454792096,5.173842454792096,11.484850432413012,11.484850432413012,2.152189275376938,2.152189275376938,0.1754278166284502,0.3894131398988428,0.1754278166284502,0.3894131398988428,mixture,5,bctm-te,10000,5000,006-bctm-te,20260109-231430,NA,NA,NA,NA,NA
yx0_penalty_weight,5.470069937850033,5.470069937850033,4.504332273960899,4.504332273960899,1.976077110577943,1.976077110577943,0.18547190688289208,0.15272694966931982,0.18547190688289208,0.15272694966931982,mixture,5,bctm-te,10000,5000,006-bctm-te,20260109-231430,NA,NA,NA,NA,NA
yx1_coef,4.47572536008747,8.654037511115398,11.102606324437524,37.853239465966475,3.1991073066257063,1.4102675028752003,0.1517569842161496,0.3764525115327586,0.29342967414663707,1.2834776493199618,mixture,5,bctm-te,10000,5000,006-bctm-te,20260109-231430,NA,NA,NA,NA,NA
yx1_igvar,11.499308570519071,11.499308570519071,129.912191845387,129.912191845387,1.2715124318767543,1.2715124318767543,0.3899033673502236,4.404891020163154,0.3899033673502236,4.404891020163154,mixture,5,bctm-te,10000,5000,006-bctm-te,20260109-231430,NA,NA,NA,NA,NA
yx1_penalty_weight,9.26453615879249,9.26453615879249,35.72252241806157,35.72252241806157,1.3573464490644038,1.3573464490644038,0.31412965597878917,1.2112321097943497,0.31412965597878917,1.2112321097943497,mixture,5,bctm-te,10000,5000,006-bctm-te,20260109-231430,NA,NA,NA,NA,NA
yx2_coef,4.3894573481885395,5.956974313662352,10.929470903359125,23.33348499639877,3.4957571902601057,1.8001967133638006,0.14883192240676085,0.37058206434264374,0.2019812173812199,0.7911609916648347,mixture,5,bctm-te,10000,5000,006-bctm-te,20260109-231430,NA,NA,NA,NA,NA
yx2_igvar,5.008288396593734,5.008288396593734,23.61693449595336,23.61693449595336,2.281881021733364,2.281881021733364,0.1698144282778215,0.8007718229311082,0.1698144282778215,0.8007718229311082,mixture,5,bctm-te,10000,5000,006-bctm-te,20260109-231430,NA,NA,NA,NA,NA
yx2_penalty_weight,4.131534363209659,4.131534363209659,4.016064257028113,4.016064257028113,6.0619590901276785,6.0619590901276785,0.14008661048269383,0.13617140262890193,0.14008661048269383,0.13617140262890193,mixture,5,bctm-te,10000,5000,006-bctm-te,20260109-231430,NA,NA,NA,NA,NA
yx3_coef,4.466098661476534,6.915364021232476,11.950255121941586,25.233584946562964,3.3105328282401754,1.5777371117643857,0.1514305748340679,0.4051934674302733,0.23447702979670673,0.8555870712267268,mixture,5,bctm-te,10000,5000,006-bctm-te,20260109-231430,NA,NA,NA,NA,NA
yx3_igvar,6.8494797812626835,6.8494797812626835,20.7462848937005,20.7462848937005,1.572704427634951,1.572704427634951,0.23224311400411812,0.7034376276151851,0.23224311400411812,0.7034376276151851,mixture,5,bctm-te,10000,5000,006-bctm-te,20260109-231430,NA,NA,NA,NA,NA
yx3_penalty_weight,5.376968162562539,5.376968162562539,24.229956217601323,24.229956217601323,2.006010601798279,2.006010601798279,0.18231513485018552,0.8215573538231261,0.18231513485018552,0.8215573538231261,mixture,5,bctm-te,10000,5000,006-bctm-te,20260109-231430,NA,NA,NA,NA,NA
intercept,4.707958310340673,4.707958310340673,16.149987401472288,16.149987401472288,2.683998751429069,2.683998751429069,0.07007168097824508,0.2403710250604907,0.07007168097824508,0.2403710250604907,mixture,10,bctm-te,20000,5000,006-bctm-te,20260110-002223,NA,NA,NA,NA,NA
yx0_coef,4.545957600406915,6.358390911615259,10.950905385217474,26.13809721954694,2.9677215758720106,1.704571854330719,0.06766051645289352,0.16298962267581735,0.09463616925304452,0.3890307196908708,mixture,10,bctm-te,20000,5000,006-bctm-te,20260110-002223,NA,NA,NA,NA,NA
yx0_igvar,7.215120923288,7.215120923288,16.996649079963028,16.996649079963028,1.529172500270387,1.529172500270387,0.10738745295293702,0.2529724550479656,0.10738745295293702,0.2529724550479656,mixture,10,bctm-te,20000,5000,006-bctm-te,20260110-002223,NA,NA,NA,NA,NA
yx0_penalty_weight,18.101636621614475,18.101636621614475,4275.831483548299,4275.831483548299,1.1525785399757005,1.1525785399757005,0.26941872100861997,63.64004944008359,0.26941872100861997,63.64004944008359,mixture,10,bctm-te,20000,5000,006-bctm-te,20260110-002223,NA,NA,NA,NA,NA
yx1_coef,4.562578292754341,5.9092544577316,11.227840036956248,23.272089090213335,2.975365977353452,1.7966850906259544,0.06790789329334862,0.16711142565054601,0.08795137209944381,0.34637401075642205,mixture,10,bctm-te,20000,5000,006-bctm-te,20260110-002223,NA,NA,NA,NA,NA
yx1_igvar,5.300299141780039,5.300299141780039,20.633648707672975,20.633648707672975,2.0706696015785173,2.0706696015785173,0.07888788431629128,0.3071043442516418,0.07888788431629128,0.3071043442516418,mixture,10,bctm-te,20000,5000,006-bctm-te,20260110-002223,NA,NA,NA,NA,NA
yx1_penalty_weight,5.224631062686833,5.224631062686833,5.3581153732053135,5.3581153732053135,2.113087130402368,2.113087130402368,0.07776166586894226,0.07974840181809198,0.07776166586894226,0.07974840181809198,mixture,10,bctm-te,20000,5000,006-bctm-te,20260110-002223,NA,NA,NA,NA,NA
yx2_coef,4.322772318412114,6.27737508803389,10.93117468077252,16.659904065250572,3.859452524104642,1.7325243459289263,0.06433870116735253,0.16269595745276175,0.09343035676067078,0.2479604545826858,mixture,10,bctm-te,20000,5000,006-bctm-te,20260110-002223,NA,NA,NA,NA,NA
yx2_igvar,6.306104105930761,6.306104105930761,27.714816970943623,27.714816970943623,1.686503650060062,1.686503650060062,0.09385794987942594,0.412498090497723,0.09385794987942594,0.412498090497723,mixture,10,bctm-te,20000,5000,006-bctm-te,20260110-002223,NA,NA,NA,NA,NA
yx2_penalty_weight,4.272636160803423,4.272636160803423,4.016064257028113,4.016064257028113,4.1823444563877334,4.1823444563877334,0.06359249132226642,0.05977376069548149,0.06359249132226642,0.05977376069548149,mixture,10,bctm-te,20000,5000,006-bctm-te,20260110-002223,NA,NA,NA,NA,NA
yx3_coef,4.4556380242887075,5.993640428483895,10.930568419682531,16.711649235597683,3.233353988035738,1.7741459480446198,0.06631623001137077,0.16268693406493903,0.0892073447380729,0.2487306124366251,mixture,10,bctm-te,20000,5000,006-bctm-te,20260110-002223,NA,NA,NA,NA,NA
yx3_igvar,12.629102901322623,12.629102901322623,18.51605727273697,18.51605727273697,1.2229229240818855,1.2229229240818855,0.1879673546809451,0.27558681973465793,0.1879673546809451,0.27558681973465793,mixture,10,bctm-te,20000,5000,006-bctm-te,20260110-002223,NA,NA,NA,NA,NA
yx3_penalty_weight,7.538806810222392,7.538806810222392,55.46160884502527,55.46160884502527,1.480175734581049,1.480175734581049,0.11220508571672116,0.825472084787346,0.11220508571672116,0.825472084787346,mixture,10,bctm-te,20000,5000,006-bctm-te,20260110-002223,NA,NA,NA,NA,NA
$\beta_0$,584.8295614897393,584.8295614897393,1560.3508222667233,1560.3508222667233,1.010518607771662,1.010518607771662,1929.945517850707,5149.178964273614,1929.945517850707,5149.178964273614,gaussian,2,gaussian-iwls,1000,5000,008-gaussian,20260109-193307,NA,NA,NA,NA,NA
$\gamma_0$,2081.7867488753877,2081.7867488753877,4208.536773395392,4208.536773395392,1.001929361302969,1.001929361302969,6869.924623643601,13888.22866928011,6869.924623643601,13888.22866928011,gaussian,2,gaussian-iwls,1000,5000,008-gaussian,20260109-193307,NA,NA,NA,NA,NA
g(x0)_coef,423.5209732471582,554.9135172747411,676.3024250462456,957.2285071961812,1.017471776034756,1.0076387433856238,1397.624979749699,2231.8072133781243,1831.222164507406,3158.8671104728433,gaussian,2,gaussian-iwls,1000,5000,008-gaussian,20260109-193307,NA,NA,NA,NA,NA
g(x0)_variance,314.0010766696244,314.0010766696244,517.6392605928119,517.6392605928119,1.0102115953043846,1.0102115953043846,1036.2078294660039,1708.2166098099656,1036.2078294660039,1708.2166098099656,gaussian,2,gaussian-iwls,1000,5000,008-gaussian,20260109-193307,NA,NA,NA,NA,NA
g(x1)_coef,370.80502062419504,502.1641785663646,699.8887728686396,876.7811526504647,1.0152642876072544,1.007224495788141,1223.6616181426728,2309.6424824201727,1657.1486283638228,2893.389744840094,gaussian,2,gaussian-iwls,1000,5000,008-gaussian,20260109-193307,NA,NA,NA,NA,NA
g(x1)_variance,342.84975446169545,342.84975446169545,554.8388190553461,554.8388190553461,1.0074800161283948,1.0074800161283948,1131.4088590769254,1830.9756593660693,1131.4088590769254,1830.9756593660693,gaussian,2,gaussian-iwls,1000,5000,008-gaussian,20260109-193307,NA,NA,NA,NA,NA
g(x2)_coef,338.43797332183476,505.4777403992632,445.42172633528435,876.8215549801644,1.0221841019434597,1.0069017826829785,1116.849921230276,1469.8977632121428,1668.083427540584,2893.523073078352,gaussian,2,gaussian-iwls,1000,5000,008-gaussian,20260109-193307,NA,NA,NA,NA,NA
g(x2)_variance,267.91766395989436,267.91766395989436,699.3074052138729,699.3074052138729,1.0149891458033962,1.0149891458033962,884.131939902805,2307.7239612416565,884.131939902805,2307.7239612416565,gaussian,2,gaussian-iwls,1000,5000,008-gaussian,20260109-193307,NA,NA,NA,NA,NA
g(x3)_coef,372.5629899517164,581.8194307684,543.8279295112062,996.5212135856344,1.0119154827875356,1.0065123774642393,1229.4629408657006,1794.6395739104526,1920.0120454745925,3288.533576694865,gaussian,2,gaussian-iwls,1000,5000,008-gaussian,20260109-193307,NA,NA,NA,NA,NA
g(x3)_variance,373.3580836044291,373.3580836044291,733.3680188967759,733.3680188967759,1.00352667654742,1.00352667654742,1232.0867607482244,2420.1244502749323,1232.0867607482244,2420.1244502749323,gaussian,2,gaussian-iwls,1000,5000,008-gaussian,20260109-193307,NA,NA,NA,NA,NA
s(x0)_coef,473.457062276569,696.9667617814576,809.8728080817372,1120.436026692336,1.0100283315965584,1.0050417484332486,1562.4147536383705,2672.5912965224434,2299.9998060369,3697.454147572647,gaussian,2,gaussian-iwls,1000,5000,008-gaussian,20260109-193307,NA,NA,NA,NA,NA
s(x0)_variance,391.3090133355154,391.3090133355154,603.7328517027848,603.7328517027848,1.0089953818922393,1.0089953818922393,1291.325073338842,1992.3266330022168,1291.325073338842,1992.3266330022168,gaussian,2,gaussian-iwls,1000,5000,008-gaussian,20260109-193307,NA,NA,NA,NA,NA
s(x1)_coef,461.7285755383375,613.510085520428,692.2125769805684,1129.7377114736762,1.0140098929873995,1.0062546605764209,1523.7105876691228,2284.3109314455783,2024.5916377589397,3728.149834032953,gaussian,2,gaussian-iwls,1000,5000,008-gaussian,20260109-193307,NA,NA,NA,NA,NA
s(x1)_variance,514.6513327274533,514.6513327274533,1246.6704754584823,1246.6704754584823,1.0035652654451654,1.0035652654451654,1698.3564071609735,4114.029547718272,1698.3564071609735,4114.029547718272,gaussian,2,gaussian-iwls,1000,5000,008-gaussian,20260109-193307,NA,NA,NA,NA,NA
s(x2)_coef,492.97177959788377,632.6908394031352,1079.4217837741212,1358.5468681702473,1.014627994815026,1.0049483909464216,1626.8135865743418,3562.1065873596913,2087.8883867991776,4483.223167338618,gaussian,2,gaussian-iwls,1000,5000,008-gaussian,20260109-193307,NA,NA,NA,NA,NA
s(x2)_variance,2222.0843826908217,2222.0843826908217,3915.817630796996,3915.817630796996,1.0012712169872346,1.0012712169872346,7332.908725981778,12922.251512092942,7332.908725981778,12922.251512092942,gaussian,2,gaussian-iwls,1000,5000,008-gaussian,20260109-193307,NA,NA,NA,NA,NA
s(x3)_coef,427.9008181803601,581.0438393700914,952.678349946062,1142.7041050385146,1.0125157507720732,1.004730306223265,1412.0785276794277,3143.8515295777634,1917.452583297208,3770.939109389355,gaussian,2,gaussian-iwls,1000,5000,008-gaussian,20260109-193307,NA,NA,NA,NA,NA
s(x3)_variance,1094.4778631568054,1094.4778631568054,2964.2150770742105,2964.2150770742105,1.0039454443979776,1.0039454443979776,3611.7918543749183,9781.95012470352,3611.7918543749183,9781.95012470352,gaussian,2,gaussian-iwls,1000,5000,008-gaussian,20260109-193307,NA,NA,NA,NA,NA
$\beta_0$,969.7561815008352,969.7561815008352,2208.5827845018975,2208.5827845018975,1.0041778156723673,1.0041778156723673,2596.662454916396,5913.7998854672405,2596.662454916396,5913.7998854672405,mixture,2,gaussian-iwls,2000,5000,008-gaussian,20260109-203021,NA,NA,NA,NA,NA
$\gamma_0$,4096.490054510079,4096.490054510079,5085.223296348871,5085.223296348871,1.0016571185749683,1.0016571185749683,10968.944693935508,13616.420973011283,10968.944693935508,13616.420973011283,mixture,2,gaussian-iwls,2000,5000,008-gaussian,20260109-203021,NA,NA,NA,NA,NA
g(x0)_coef,803.4107655960307,1001.9739463301148,1022.7509859688088,1774.1674959321451,1.007481985900697,1.003907497660432,2151.2485413294103,2738.5637097809467,2682.930180669938,4750.59011048549,mixture,2,gaussian-iwls,2000,5000,008-gaussian,20260109-203021,NA,NA,NA,NA,NA
g(x0)_variance,753.2750316841089,753.2750316841089,1155.5391191919566,1155.5391191919566,1.0076983845432967,1.0076983845432967,2017.0028614542016,3094.12314479826,2017.0028614542016,3094.12314479826,mixture,2,gaussian-iwls,2000,5000,008-gaussian,20260109-203021,NA,NA,NA,NA,NA
g(x1)_coef,798.3239036205691,993.28975491745,1324.588859882808,1696.2161431943337,1.012724482236672,1.003504900322114,2137.6277325560336,3546.7782791908303,2659.6770019609617,4541.864087568105,mixture,2,gaussian-iwls,2000,5000,008-gaussian,20260109-203021,NA,NA,NA,NA,NA
g(x1)_variance,718.6998647796643,718.6998647796643,1802.551175839592,1802.551175839592,1.0036220624650405,1.0036220624650405,1924.4228506371608,4826.591519245748,1924.4228506371608,4826.591519245748,mixture,2,gaussian-iwls,2000,5000,008-gaussian,20260109-203021,NA,NA,NA,NA,NA
g(x2)_coef,751.5982744242743,951.9407218810278,1412.159027823724,1752.1823958906698,1.0047319558082184,1.0034949899597403,2012.5131013416312,3781.260071213008,2548.9589847098564,4691.721824895469,mixture,2,gaussian-iwls,2000,5000,008-gaussian,20260109-203021,NA,NA,NA,NA,NA
g(x2)_variance,857.5982425764606,857.5982425764606,2154.656874250033,2154.656874250033,1.0014987306931589,1.0014987306931589,2296.3433493707116,5769.405460178303,2296.3433493707116,5769.405460178303,mixture,2,gaussian-iwls,2000,5000,008-gaussian,20260109-203021,NA,NA,NA,NA,NA
g(x3)_coef,725.4085379797978,976.2244321933724,1195.736765780907,1696.0936346657174,1.015365687020803,1.0043183087792922,1942.386293565805,3201.7581582837975,2613.9821318029144,4541.536053261407,mixture,2,gaussian-iwls,2000,5000,008-gaussian,20260109-203021,NA,NA,NA,NA,NA
g(x3)_variance,629.2037505811545,629.2037505811545,1382.822754254222,1382.822754254222,1.0057068142469283,1.0057068142469283,1684.784058914769,3702.7079551262736,1684.784058914769,3702.7079551262736,mixture,2,gaussian-iwls,2000,5000,008-gaussian,20260109-203021,NA,NA,NA,NA,NA
s(x0)_coef,738.8526640949239,913.3100472419778,1037.589938844502,1523.4211247909254,1.0064332006094692,1.00395044229586,1978.384885983418,2778.2971526170136,2445.519765288675,4079.1804303313897,mixture,2,gaussian-iwls,2000,5000,008-gaussian,20260109-203021,NA,NA,NA,NA,NA
s(x0)_variance,436.83384086818694,436.83384086818694,1051.8390433629734,1051.8390433629734,1.0101588530675152,1.0101588530675152,1169.6857986136672,2816.451191152794,1169.6857986136672,2816.451191152794,mixture,2,gaussian-iwls,2000,5000,008-gaussian,20260109-203021,NA,NA,NA,NA,NA
s(x1)_coef,797.8173091086983,975.1726096361868,1400.856081770349,1650.652402126885,1.012365563776952,1.0036108791432294,2136.2712524696617,3750.9947981406353,2611.165724755887,4419.860579890258,mixture,2,gaussian-iwls,2000,5000,008-gaussian,20260109-203021,NA,NA,NA,NA,NA
s(x1)_variance,810.8656226464102,810.8656226464102,1537.517514987001,1537.517514987001,1.0039391912336515,1.0039391912336515,2171.209999455442,4116.925554178244,2171.209999455442,4116.925554178244,mixture,2,gaussian-iwls,2000,5000,008-gaussian,20260109-203021,NA,NA,NA,NA,NA
s(x2)_coef,609.4172160212188,871.1656228149916,1444.4048708704315,1849.7003968295264,1.0056651609824787,1.00290217409934,1631.802750432492,3867.602980455335,2332.671972532922,4952.840378761796,mixture,2,gaussian-iwls,2000,5000,008-gaussian,20260109-203021,NA,NA,NA,NA,NA
s(x2)_variance,3143.615309433977,3143.615309433977,4349.454230413086,4349.454230413086,1.001304718843373,1.001304718843373,8417.484727010804,11646.292867153252,8417.484727010804,11646.292867153252,mixture,2,gaussian-iwls,2000,5000,008-gaussian,20260109-203021,NA,NA,NA,NA,NA
s(x3)_coef,779.8688605331787,915.396971098277,1318.3411017249664,1875.680898666985,1.0065896283492628,1.0032124033394627,2088.2116850968405,3530.0490029610496,2451.107805795449,5022.406930610745,mixture,2,gaussian-iwls,2000,5000,008-gaussian,20260109-203021,NA,NA,NA,NA,NA
s(x3)_variance,1607.3238315581814,1607.3238315581814,3522.4324304981105,3522.4324304981105,1.000027778970598,1.000027778970598,4303.8420645487795,9431.82236600827,4303.8420645487795,9431.82236600827,mixture,2,gaussian-iwls,2000,5000,008-gaussian,20260109-203021,NA,NA,NA,NA,NA
$\beta_0$,1212.4371433835004,1212.4371433835004,2717.379130413906,2717.379130413906,1.0014768235941516,1.0014768235941516,2370.9155052811057,5313.822946768437,2370.9155052811057,5313.822946768437,mixture,6,gaussian-iwls,10000,5000,008-gaussian,20260109-203130,NA,NA,NA,NA,NA
$\gamma_0$,4782.2525818708755,4782.2525818708755,5895.922855809864,5895.922855809864,0.9999513225086504,0.9999513225086504,9351.67390606895,11529.45123222715,9351.67390606895,11529.45123222715,mixture,6,gaussian-iwls,10000,5000,008-gaussian,20260109-203130,NA,NA,NA,NA,NA
g(x0)_coef,669.1188502593884,958.5060773233114,1419.003881928232,1706.994848080981,1.00945258666863,1.0045051312520477,1308.458970935746,2774.855854654039,1874.3544216157304,3338.020923258726,mixture,6,gaussian-iwls,10000,5000,008-gaussian,20260109-203130,NA,NA,NA,NA,NA
g(x0)_variance,1365.318307730912,1365.318307730912,2554.571029506728,2554.571029506728,1.0011903283722798,1.0011903283722798,2669.8739502568023,4995.452420978545,2669.8739502568023,4995.452420978545,mixture,6,gaussian-iwls,10000,5000,008-gaussian,20260109-203130,NA,NA,NA,NA,NA
g(x1)_coef,799.8026092439246,1014.8357827759368,1410.2939327152742,1853.2254310597048,1.0112079291735103,1.003033714536011,1564.010487280913,2757.8235872479254,1984.506913061882,3623.974185596951,mixture,6,gaussian-iwls,10000,5000,008-gaussian,20260109-203130,NA,NA,NA,NA,NA
g(x1)_variance,1419.9728125340628,1419.9728125340628,2811.074302101547,2811.074302101547,1.000842236680918,1.000842236680918,2776.750594195336,5497.04344321766,2776.750594195336,5497.04344321766,mixture,6,gaussian-iwls,10000,5000,008-gaussian,20260109-203130,NA,NA,NA,NA,NA
g(x2)_coef,788.0945559460032,947.4347486783068,1463.7160665179572,1858.565522230146,1.0059054710873865,1.0032162499279798,1541.1154405131815,2862.2903351112573,1852.7044871084024,3634.416710411295,mixture,6,gaussian-iwls,10000,5000,008-gaussian,20260109-203130,NA,NA,NA,NA,NA
g(x2)_variance,1768.2454030316385,1768.2454030316385,3451.712107005896,3451.712107005896,1.0008438892214355,1.0008438892214355,3457.796114271371,6749.807855134508,3457.796114271371,6749.807855134508,mixture,6,gaussian-iwls,10000,5000,008-gaussian,20260109-203130,NA,NA,NA,NA,NA
g(x3)_coef,765.4575560142649,1049.4619958289215,1366.3565552591765,1784.7022982762614,1.0112544227403055,1.0038188770056302,1496.8488866352382,2671.904238735274,2052.2183205063843,3489.9775005949364,mixture,6,gaussian-iwls,10000,5000,008-gaussian,20260109-203130,NA,NA,NA,NA,NA
g(x3)_variance,1159.4881348731346,1159.4881348731346,2157.5933449991862,2157.5933449991862,1.0022366646359764,1.0022366646359764,2267.373951847536,4219.164303622662,2267.373951847536,4219.164303622662,mixture,6,gaussian-iwls,10000,5000,008-gaussian,20260109-203130,NA,NA,NA,NA,NA
s(x0)_coef,863.3471064423105,1065.5942919717877,1368.5189430437536,1746.862362705172,1.0060254087909777,1.0031152708340307,1688.2714722772218,2676.1327785444196,2083.7649547130613,3415.9816728904425,mixture,6,gaussian-iwls,10000,5000,008-gaussian,20260109-203130,NA,NA,NA,NA,NA
s(x0)_variance,747.0345967564632,747.0345967564632,1345.775883629716,1345.775883629716,1.002180142866716,1.002180142866716,1460.8228707746632,2631.6588258149663,1460.8228707746632,2631.6588258149663,mixture,6,gaussian-iwls,10000,5000,008-gaussian,20260109-203130,NA,NA,NA,NA,NA
s(x1)_coef,867.7194242005273,961.294047326097,1340.8327763145746,1777.1449732280091,1.0063760512576538,1.003218978539541,1696.8215204372798,2621.992601184936,1879.8062847031783,3475.1991846771743,mixture,6,gaussian-iwls,10000,5000,008-gaussian,20260109-203130,NA,NA,NA,NA,NA
s(x1)_variance,884.227725540607,884.227725540607,1847.7738745058975,1847.7738745058975,1.0017877115651344,1.0017877115651344,1729.1034311545827,3613.313690715321,1729.1034311545827,3613.313690715321,mixture,6,gaussian-iwls,10000,5000,008-gaussian,20260109-203130,NA,NA,NA,NA,NA
s(x2)_coef,885.8777404883626,1020.2635136748072,1718.8833340075903,1949.1883466824968,1.0095427464611488,1.0043980291298236,1732.3300281331792,3361.2688052388626,1995.120816979996,3811.6292453447327,mixture,6,gaussian-iwls,10000,5000,008-gaussian,20260109-203130,NA,NA,NA,NA,NA
s(x2)_variance,5272.8959877264615,5272.8959877264615,6678.952932045974,6678.952932045974,1.0000865623048372,1.0000865623048372,10311.124929864409,13060.66310492579,10311.124929864409,13060.66310492579,mixture,6,gaussian-iwls,10000,5000,008-gaussian,20260109-203130,NA,NA,NA,NA,NA
s(x3)_coef,776.907725035212,1021.4562937913676,1638.2395097470355,1925.791772764459,1.0065282709399228,1.003177703507516,1519.2396418327355,3203.570161323236,1997.453293255716,3765.877347874873,mixture,6,gaussian-iwls,10000,5000,008-gaussian,20260109-203130,NA,NA,NA,NA,NA
s(x3)_variance,3175.385463526674,3175.385463526674,5164.924501202867,5164.924501202867,1.000877316271045,1.000877316271045,6209.452318253743,10099.987162497222,6209.452318253743,10099.987162497222,mixture,6,gaussian-iwls,10000,5000,008-gaussian,20260109-203130,NA,NA,NA,NA,NA
$\beta_0$,1124.5877300717748,1124.5877300717748,2269.9460483032317,2269.9460483032317,1.0008747713020445,1.0008747713020445,1493.085680474349,3013.7479269443734,1493.085680474349,3013.7479269443734,mixture,11,gaussian-iwls,20000,5000,008-gaussian,20260109-203303,NA,NA,NA,NA,NA
$\gamma_0$,4288.349143296177,4288.349143296177,5863.523764872046,5863.523764872046,1.0002502540145222,1.0002502540145222,5693.528861746795,7784.846958887538,5693.528861746795,7784.846958887538,mixture,11,gaussian-iwls,20000,5000,008-gaussian,20260109-203303,NA,NA,NA,NA,NA
g(x0)_coef,798.3683748544252,1018.682381318854,1537.5787755962765,1837.1526093188145,1.008142447391046,1.0028793848503632,1059.97278501575,2041.4030769280769,1352.477922199647,2439.139411244456,mixture,11,gaussian-iwls,20000,5000,008-gaussian,20260109-203303,NA,NA,NA,NA,NA
g(x0)_variance,1597.4216259764946,1597.4216259764946,2844.935188779699,2844.935188779699,1.0026482587289551,1.0026482587289551,2120.8548623177057,3777.145951942276,2120.8548623177057,3777.145951942276,mixture,11,gaussian-iwls,20000,5000,008-gaussian,20260109-203303,NA,NA,NA,NA,NA
g(x1)_coef,808.444422114823,961.0721605645372,1604.6298332417402,1749.403685297823,1.0077652682387863,1.0040413434772977,1073.3504891094294,2130.4250103478134,1275.9903407001166,2322.6374626375537,mixture,11,gaussian-iwls,20000,5000,008-gaussian,20260109-203303,NA,NA,NA,NA,NA
g(x1)_variance,1411.2151270584566,1411.2151270584566,2125.0207224229416,2125.0207224229416,1.0046586302205045,1.0046586302205045,1873.6333697552352,2821.334366824765,1873.6333697552352,2821.334366824765,mixture,11,gaussian-iwls,20000,5000,008-gaussian,20260109-203303,NA,NA,NA,NA,NA
g(x2)_coef,807.8360859049772,899.1578113695725,1436.709913844756,1855.5683834449571,1.0104808043680618,1.005370362028938,1072.5428170536643,1907.482130558397,1193.7882805789466,2463.5895523115637,mixture,11,gaussian-iwls,20000,5000,008-gaussian,20260109-203303,NA,NA,NA,NA,NA
g(x2)_variance,2386.5251127571146,2386.5251127571146,4714.181637702014,4714.181637702014,1.001057267371984,1.001057267371984,3168.5268980505934,6258.895513610807,3168.5268980505934,6258.895513610807,mixture,11,gaussian-iwls,20000,5000,008-gaussian,20260109-203303,NA,NA,NA,NA,NA
g(x3)_coef,833.8261580184062,938.7690995129852,1406.3101873364255,1730.642516674122,1.0092626801796332,1.0039020814431503,1107.049155215988,1867.121209728301,1246.3791505756326,2297.728750340627,mixture,11,gaussian-iwls,20000,5000,008-gaussian,20260109-203303,NA,NA,NA,NA,NA
g(x3)_variance,1658.9866578495928,1658.9866578495928,2784.859915490053,2784.859915490053,1.000627296368636,1.000627296368636,2202.5931429779466,3697.385584742085,2202.5931429779466,3697.385584742085,mixture,11,gaussian-iwls,20000,5000,008-gaussian,20260109-203303,NA,NA,NA,NA,NA
s(x0)_coef,802.7269463333058,977.6309897460224,1477.389737555053,1873.517325401921,1.006134284471608,1.002964700462628,1065.759546233592,1961.4916672462896,1297.975064590638,2487.41989253224,mixture,11,gaussian-iwls,20000,5000,008-gaussian,20260109-203303,NA,NA,NA,NA,NA
s(x0)_variance,1046.3391201322345,1046.3391201322345,1828.1318343851317,1828.1318343851317,1.0041269519153058,1.0041269519153058,1389.1970500957352,2427.162764585325,1389.1970500957352,2427.162764585325,mixture,11,gaussian-iwls,20000,5000,008-gaussian,20260109-203303,NA,NA,NA,NA,NA
s(x1)_coef,901.2896880985708,1049.2156447291563,1598.7285142021367,2026.331470569412,1.008232296857847,1.0035698166488212,1196.618717486168,2122.5899835923815,1393.0161364776598,2690.3072314408255,mixture,11,gaussian-iwls,20000,5000,008-gaussian,20260109-203303,NA,NA,NA,NA,NA
s(x1)_variance,1716.76194069619,1716.76194069619,2923.0217857373405,2923.0217857373405,1.002279007344137,1.002279007344137,2279.2998730950394,3880.819481927336,2279.2998730950394,3880.819481927336,mixture,11,gaussian-iwls,20000,5000,008-gaussian,20260109-203303,NA,NA,NA,NA,NA
s(x2)_coef,726.2554389305374,1055.8692152619076,1843.866322169985,2138.679786883426,1.0074821196438708,1.0020701084428745,964.2303283573892,2448.0530319899535,1401.8499078418938,2839.4691490291943,mixture,11,gaussian-iwls,20000,5000,008-gaussian,20260109-203303,NA,NA,NA,NA,NA
s(x2)_variance,6342.227927792414,6342.227927792414,7346.460614426088,7346.460614426088,1.0004301981144377,1.0004301981144377,8420.409940527257,9753.703381476793,8420.409940527257,9753.703381476793,mixture,11,gaussian-iwls,20000,5000,008-gaussian,20260109-203303,NA,NA,NA,NA,NA
s(x3)_coef,906.4572514337252,992.1491812638508,1784.3597046073874,2025.9416193592465,1.0072067529621431,1.0044509739407994,1203.4795560071177,2369.0476541076,1317.2504872917823,2689.789636197832,mixture,11,gaussian-iwls,20000,5000,008-gaussian,20260109-203303,NA,NA,NA,NA,NA
s(x3)_variance,4823.807701005633,4823.807701005633,6188.794901105389,6188.794901105389,1.0002768844637453,1.0002768844637453,6404.443167162888,8216.700928831377,6404.443167162888,8216.700928831377,mixture,11,gaussian-iwls,20000,5000,008-gaussian,20260109-203303,NA,NA,NA,NA,NA
$\beta_0$,1294.9747039937058,1294.9747039937058,2651.9529957759814,2651.9529957759814,1.0037398782969882,1.0037398782969882,170.06956479267586,348.2820864773018,170.06956479267586,348.2820864773018,mixture,5,ptm-iwls-nuts,10000,5000,010-ptm,20260114-121954,1,1,GibbsKernel,iwls-nuts,FALSE
$\gamma_0$,760.9470359528893,760.9470359528893,1702.295929183122,1702.295929183122,1.0019869051037242,1.0019869051037242,99.9354897324802,223.56323017868348,99.9354897324802,223.56323017868348,mixture,5,ptm-iwls-nuts,10000,5000,010-ptm,20260114-121954,1,1,GibbsKernel,iwls-nuts,FALSE
g(x0)_coef,370.2638438473963,670.1328877223859,703.885582502226,1123.5001865329357,1.014882945052617,1.007566696742992,48.62690412977831,92.44158539221516,88.00882999237275,147.54974531848094,mixture,5,ptm-iwls-nuts,10000,5000,010-ptm,20260114-121954,0.50337,0.50425005,IWLSKernel,iwls-nuts,FALSE
g(x0)_variance,705.6999143862938,705.6999143862938,1418.357202820664,1418.357202820664,1.008223302093654,1.008223302093654,92.67986235080076,186.27343951997372,92.67986235080076,186.27343951997372,mixture,5,ptm-iwls-nuts,10000,5000,010-ptm,20260114-121954,1,1,GibbsKernel,iwls-nuts,FALSE
g(x1)_coef,378.0505403773535,601.5008453519524,594.603131315756,1023.286427581712,1.0122465352261347,1.004949177366124,49.64953421354627,78.08947576764744,78.99535541192347,134.38863080519266,mixture,5,ptm-iwls-nuts,10000,5000,010-ptm,20260114-121954,0.52021426,0.51912504,IWLSKernel,iwls-nuts,FALSE
g(x1)_variance,539.4411007752702,539.4411007752702,1082.8646858583477,1082.8646858583477,1.0069595491555086,1.0069595491555086,70.8450234257071,142.21306816676008,70.8450234257071,142.21306816676008,mixture,5,ptm-iwls-nuts,10000,5000,010-ptm,20260114-121954,1,1,GibbsKernel,iwls-nuts,FALSE
g(x2)_coef,435.90310227765013,528.7997713555919,679.8042671434623,906.5287263235252,1.0108260973309526,1.0065354560779227,57.24733515450782,89.278976261651,69.44749322095572,119.05479348934838,mixture,5,ptm-iwls-nuts,10000,5000,010-ptm,20260114-121954,0.5434842,0.536,IWLSKernel,iwls-nuts,FALSE
g(x2)_variance,1283.3167059365985,1283.3167059365985,2344.580657490597,2344.580657490597,1.0033376864097878,1.0033376864097878,168.53851507424386,307.91474984880455,168.53851507424386,307.91474984880455,mixture,5,ptm-iwls-nuts,10000,5000,010-ptm,20260114-121954,1,1,GibbsKernel,iwls-nuts,FALSE
g(x3)_coef,453.6894348740248,556.731030109854,710.7553104812499,934.1576657010312,1.0138524611782849,1.0057103743771498,59.5832215888871,93.34378961599926,73.11571701389867,122.68331355319552,mixture,5,ptm-iwls-nuts,10000,5000,010-ptm,20260114-121954,0.50525737,0.50187504,IWLSKernel,iwls-nuts,FALSE
g(x3)_variance,986.8366222019836,986.8366222019836,2472.750359928664,2472.750359928664,1.002436739853194,1.002436739853194,129.6016627520018,324.74733001120035,129.6016627520018,324.74733001120035,mixture,5,ptm-iwls-nuts,10000,5000,010-ptm,20260114-121954,1,1,GibbsKernel,iwls-nuts,FALSE
s(x0)_coef,254.93349632490015,482.5072929622357,511.3758587737712,823.9613656265764,1.0274770904642372,1.009068187257741,33.48052177184592,67.15920355735292,63.36788283995579,108.21118777527242,mixture,5,ptm-iwls-nuts,10000,5000,010-ptm,20260114-121954,0.5403611,0.54387504,IWLSKernel,iwls-nuts,FALSE
s(x0)_variance,442.41138445231235,442.41138445231235,901.11583160487,901.11583160487,1.006059497566611,1.006059497566611,58.102070550943886,118.34391578167484,58.102070550943886,118.34391578167484,mixture,5,ptm-iwls-nuts,10000,5000,010-ptm,20260114-121954,1,1,GibbsKernel,iwls-nuts,FALSE
s(x1)_coef,255.27357726094272,426.71051231014,516.2184073239689,734.0860519780098,1.021848340234801,1.0081803287029016,33.525184742179384,67.79517746624832,56.040068502680185,96.40782557006656,mixture,5,ptm-iwls-nuts,10000,5000,010-ptm,20260114-121954,0.50980926,0.50975,IWLSKernel,iwls-nuts,FALSE
s(x1)_variance,704.5277952124502,704.5277952124502,1820.0702253676511,1820.0702253676511,1.00749894337136,1.00749894337136,92.52592745372056,239.03057732770077,92.52592745372056,239.03057732770077,mixture,5,ptm-iwls-nuts,10000,5000,010-ptm,20260114-121954,1,1,GibbsKernel,iwls-nuts,FALSE
s(x2)_coef,366.0605733425044,444.8992148071084,673.579810804304,904.1127557647812,1.0100992465837877,1.0072735310861731,48.07488687162781,88.46151582987038,58.428798342933426,118.73750307416856,mixture,5,ptm-iwls-nuts,10000,5000,010-ptm,20260114-121954,0.52126235,0.51737505,IWLSKernel,iwls-nuts,FALSE
s(x2)_variance,5982.642963857822,5982.642963857822,7409.27993595439,7409.27993595439,1.000628300211901,1.000628300211901,785.7029809427147,973.0638059946172,785.7029809427147,973.0638059946172,mixture,5,ptm-iwls-nuts,10000,5000,010-ptm,20260114-121954,1,1,GibbsKernel,iwls-nuts,FALSE
s(x3)_coef,242.4274645276386,285.1865780766387,432.4561602902676,519.4902569972304,1.0150803100548793,1.010797430699326,31.83809943071116,56.794646834147706,37.45367154171234,68.22487084039885,mixture,5,ptm-iwls-nuts,10000,5000,010-ptm,20260114-121954,0.50082654,0.50025004,IWLSKernel,iwls-nuts,FALSE
s(x3)_variance,2411.441631375098,2411.441631375098,6335.436815467353,6335.436815467353,1.0019829853432989,1.0019829853432989,316.69562927068307,832.0355437485565,316.69562927068307,832.0355437485565,mixture,5,ptm-iwls-nuts,10000,5000,010-ptm,20260114-121954,1,1,GibbsKernel,iwls-nuts,FALSE
trafo0_latent,3146.940564110298,6402.721545534392,3874.0454033457872,5181.884265503343,1.0013212541774048,1.0002981139138494,413.2890090563943,508.7799890624634,840.8720752455838,680.5390090804831,mixture,5,ptm-iwls-nuts,10000,5000,010-ptm,20260114-121954,0.92005146,99.00001,NUTSKernel,iwls-nuts,FALSE
trafo0_scale_square_transformed,2875.9721200461317,2875.9721200461317,3298.3239053927573,3298.3239053927573,1.0003946595632245,1.0003946595632245,377.7026109496053,433.1702460329694,377.7026109496053,433.1702460329694,mixture,5,ptm-iwls-nuts,10000,5000,010-ptm,20260114-121954,0.92005146,99.00001,NUTSKernel,iwls-nuts,FALSE
$\beta_0$,867.7486550262529,867.7486550262529,2071.9131046131206,2071.9131046131206,1.0041162314031915,1.0041162314031915,311.6428663401449,744.1059516361987,311.6428663401449,744.1059516361987,mixture,1,ptm-iwls-nuts,2000,5000,010-ptm,20260113-225025,1,1,GibbsKernel,iwls-nuts,FALSE
$\gamma_0$,846.5033611146416,846.5033611146416,1963.2424539177075,1963.2424539177075,1.001978394347873,1.001978394347873,304.01284092610024,705.078022438495,304.01284092610024,705.078022438495,mixture,1,ptm-iwls-nuts,2000,5000,010-ptm,20260113-225025,1,1,GibbsKernel,iwls-nuts,FALSE
g(x0)_coef,301.3257855133555,560.6802396475119,568.89743477377,883.5484221524595,1.014084128043412,1.0062215669647263,108.2180087006148,204.31357190762745,201.36245210169025,317.3171876844619,mixture,1,ptm-iwls-nuts,2000,5000,010-ptm,20260113-225025,0.48749417,0.48900002,IWLSKernel,iwls-nuts,FALSE
g(x0)_variance,517.9865263804595,517.9865263804595,806.7626077453517,806.7626077453517,1.010956270469722,1.010956270469722,186.0294508919725,289.74036442177476,186.0294508919725,289.74036442177476,mixture,1,ptm-iwls-nuts,2000,5000,010-ptm,20260113-225025,1,1,GibbsKernel,iwls-nuts,FALSE
g(x1)_coef,382.7970469500491,543.3071686712751,534.240794123971,982.327003385892,1.014370055933198,1.006357490778509,137.47756132730294,191.86700138600904,195.12309511184688,352.7924834516082,mixture,1,ptm-iwls-nuts,2000,5000,010-ptm,20260113-225025,0.5047574,0.50437504,IWLSKernel,iwls-nuts,FALSE
g(x1)_variance,494.92036985599896,494.92036985599896,672.7343704935242,672.7343704935242,1.005340982585486,1.005340982585486,177.74548168833732,241.60552285706743,177.74548168833732,241.60552285706743,mixture,1,ptm-iwls-nuts,2000,5000,010-ptm,20260113-225025,1,1,GibbsKernel,iwls-nuts,FALSE
g(x2)_coef,234.00067471729895,405.413858777238,304.2991925807948,724.3417943322132,1.0247626961282976,1.015753353385502,84.03889832848044,109.28587679343804,145.60015307604797,260.1397901202454,mixture,1,ptm-iwls-nuts,2000,5000,010-ptm,20260113-225025,0.5289729,0.53062505,IWLSKernel,iwls-nuts,FALSE
g(x2)_variance,430.5402060361899,430.5402060361899,1009.3076649368712,1009.3076649368712,1.0142597362879993,1.0142597362879993,154.62401826452322,362.48230625086813,154.62401826452322,362.48230625086813,mixture,1,ptm-iwls-nuts,2000,5000,010-ptm,20260113-225025,1,1,GibbsKernel,iwls-nuts,FALSE
g(x3)_coef,330.7538280636678,524.9777700142612,571.0373794950398,872.6150646987192,1.0146432781185877,1.0069139687862467,118.78678282436336,205.08211070383655,188.5402830237196,313.3905865472905,mixture,1,ptm-iwls-nuts,2000,5000,010-ptm,20260113-225025,0.52322495,0.520375,IWLSKernel,iwls-nuts,FALSE
g(x3)_variance,398.82640458843446,398.82640458843446,952.3590122453644,952.3590122453644,1.0051343075236263,1.0051343075236263,143.23433770613417,342.0297924311219,143.23433770613417,342.0297924311219,mixture,1,ptm-iwls-nuts,2000,5000,010-ptm,20260113-225025,1,1,GibbsKernel,iwls-nuts,FALSE
s(x0)_coef,221.08116280111776,405.3652102351109,495.8142357366208,761.9397883260012,1.024783196478746,1.0066303138841357,79.39899056031163,178.0665042834714,145.58268146024778,273.6427169746917,mixture,1,ptm-iwls-nuts,2000,5000,010-ptm,20260113-225025,0.51644975,0.51125,IWLSKernel,iwls-nuts,FALSE
s(x0)_variance,487.97556569371864,487.97556569371864,1180.5431866025958,1180.5431866025958,1.004917482346216,1.004917482346216,175.25132780775476,423.97975540513033,175.25132780775476,423.97975540513033,mixture,1,ptm-iwls-nuts,2000,5000,010-ptm,20260113-225025,1,1,GibbsKernel,iwls-nuts,FALSE
s(x1)_coef,277.1970118913439,400.3974498453757,369.83793313565775,743.8100684947817,1.0221413586211614,1.007523939961687,99.55241166479033,132.82343095100993,143.7985622015423,267.1316174513233,mixture,1,ptm-iwls-nuts,2000,5000,010-ptm,20260113-225025,0.50606996,0.503,IWLSKernel,iwls-nuts,FALSE
s(x1)_variance,545.0747655641687,545.0747655641687,1344.199346169292,1344.199346169292,1.0033813238699367,1.0033813238699367,195.75790907444377,482.75515582340273,195.75790907444377,482.75515582340273,mixture,1,ptm-iwls-nuts,2000,5000,010-ptm,20260113-225025,1,1,GibbsKernel,iwls-nuts,FALSE
s(x2)_coef,160.77377683155498,267.2091750666762,381.0692886404513,519.6131626974231,1.0236719845342392,1.0122953436705586,57.74022276369962,136.85705497580673,95.96538438615636,186.6136403359725,mixture,1,ptm-iwls-nuts,2000,5000,010-ptm,20260113-225025,0.49868375,0.503,IWLSKernel,iwls-nuts,FALSE
s(x2)_variance,1760.0769813701509,1760.0769813701509,3480.1745510668766,3480.1745510668766,1.002971204684762,1.002971204684762,632.1132649141459,1249.8683416866786,632.1132649141459,1249.8683416866786,mixture,1,ptm-iwls-nuts,2000,5000,010-ptm,20260113-225025,1,1,GibbsKernel,iwls-nuts,FALSE
s(x3)_coef,309.48813436920426,361.3066985687349,469.5713694524875,530.5951290342902,1.0312465035968033,1.0119368586130764,111.14943104137078,168.64165294847163,129.75952715991096,190.55769884582827,mixture,1,ptm-iwls-nuts,2000,5000,010-ptm,20260113-225025,0.53186846,0.53075004,IWLSKernel,iwls-nuts,FALSE
s(x3)_variance,1554.097478590671,1554.097478590671,2783.9783894497623,2783.9783894497623,1.0061362071821618,1.0061362071821618,558.1378778228541,999.836761591864,558.1378778228541,999.836761591864,mixture,1,ptm-iwls-nuts,2000,5000,010-ptm,20260113-225025,1,1,GibbsKernel,iwls-nuts,FALSE
trafo0_latent,975.1664886894,4008.666586219572,1777.012183247044,3826.9503791857696,1.0026333483881809,1.0008860981880083,350.22085938563026,638.1953657902393,1439.6707363304822,1374.4092584907266,mixture,1,ptm-iwls-nuts,2000,5000,010-ptm,20260113-225025,0.9299637,99.00001,NUTSKernel,iwls-nuts,FALSE
trafo0_scale_square_transformed,1105.2445879935428,1105.2445879935428,1751.0304845481471,1751.0304845481471,1.0039127717365397,1.0039127717365397,396.9370501632405,628.864310065739,396.9370501632405,628.864310065739,mixture,1,ptm-iwls-nuts,2000,5000,010-ptm,20260113-225025,0.9299637,99.00001,NUTSKernel,iwls-nuts,FALSE
$\beta_0$,1193.9401809039323,1193.9401809039323,2606.1335403687954,2606.1335403687954,1.0051630607711748,1.0051630607711748,58.70021569629608,128.13087573380636,58.70021569629608,128.13087573380636,mixture,10,ptm-iwls-nuts,20000,5000,010-ptm,20260114-124146,1,1,GibbsKernel,iwls-nuts,FALSE
$\gamma_0$,1039.7505929641416,1039.7505929641416,1951.794185095075,1951.794185095075,1.0017568747591157,1.0017568747591157,51.11946565960979,95.9602009316043,51.11946565960979,95.9602009316043,mixture,10,ptm-iwls-nuts,20000,5000,010-ptm,20260114-124146,1,1,GibbsKernel,iwls-nuts,FALSE
g(x0)_coef,489.8660793748108,639.8041747112318,715.2355849455416,1193.9476666393407,1.0158988541460603,1.004420428283794,24.08432598342548,35.164645416475835,31.456050863876506,58.70058373339723,mixture,10,ptm-iwls-nuts,20000,5000,010-ptm,20260114-124146,0.48191154,0.4785,IWLSKernel,iwls-nuts,FALSE
g(x0)_variance,1017.6077687711236,1017.6077687711236,1912.5950174608392,1912.5950174608392,1.0070392930728285,1.0070392930728285,50.030810987420736,94.03296903837597,50.030810987420736,94.03296903837597,mixture,10,ptm-iwls-nuts,20000,5000,010-ptm,20260114-124146,1,1,GibbsKernel,iwls-nuts,FALSE
g(x1)_coef,384.2601545650926,649.8992540110728,629.7367858001558,1171.148295360038,1.0094228314426987,1.0052940621861044,18.89219771411474,30.961086451060407,31.952376678058616,57.57964984303954,mixture,10,ptm-iwls-nuts,20000,5000,010-ptm,20260114-124146,0.525737,0.522,IWLSKernel,iwls-nuts,FALSE
g(x1)_variance,1096.6866505782186,1096.6866505782186,1442.4145865289825,1442.4145865289825,1.0008724056156133,1.0008724056156133,53.9187339280692,70.91649037946884,53.9187339280692,70.91649037946884,mixture,10,ptm-iwls-nuts,20000,5000,010-ptm,20260114-124146,1,1,GibbsKernel,iwls-nuts,FALSE
g(x2)_coef,495.5627274692677,533.6327388559789,584.4706700795817,1004.4589098778976,1.012293464757755,1.007087739051753,24.364402386949603,28.73557230970746,26.236119174526426,49.38434572430498,mixture,10,ptm-iwls-nuts,20000,5000,010-ptm,20260114-124146,0.4998204,0.49712503,IWLSKernel,iwls-nuts,FALSE
g(x2)_variance,1822.1921998597172,1822.1921998597172,4010.073301469984,4010.073301469984,1.003998669367599,1.003998669367599,89.58830340301631,197.15574659362812,89.58830340301631,197.15574659362812,mixture,10,ptm-iwls-nuts,20000,5000,010-ptm,20260114-124146,1,1,GibbsKernel,iwls-nuts,FALSE
g(x3)_coef,391.9269313601133,616.7043290834745,833.8048500122362,1030.260983931652,1.0144246976607634,1.0088249018648558,19.26913573727629,40.99411790235602,30.32034411525708,50.65290786551752,mixture,10,ptm-iwls-nuts,20000,5000,010-ptm,20260114-124146,0.5202646,0.518625,IWLSKernel,iwls-nuts,FALSE
g(x3)_variance,1433.9961352188702,1433.9961352188702,3472.7872572728465,3472.7872572728465,1.0019499481859844,1.0019499481859844,70.50259618641286,170.74001221311372,70.50259618641286,170.74001221311372,mixture,10,ptm-iwls-nuts,20000,5000,010-ptm,20260114-124146,1,1,GibbsKernel,iwls-nuts,FALSE
s(x0)_coef,250.6343973738898,484.52156399072726,501.6009185590134,881.5497058389681,1.0233671150484347,1.008119291522389,12.322470942907572,24.661270793803265,23.82156222787421,43.34149960559667,mixture,10,ptm-iwls-nuts,20000,5000,010-ptm,20260114-124146,0.52884257,0.52925,IWLSKernel,iwls-nuts,FALSE
s(x0)_variance,502.1465437089412,502.1465437089412,1732.8291328442,1732.8291328442,1.0169835000794518,1.0169835000794518,24.688096521341674,85.19475723295446,24.688096521341674,85.19475723295446,mixture,10,ptm-iwls-nuts,20000,5000,010-ptm,20260114-124146,1,1,GibbsKernel,iwls-nuts,FALSE
s(x1)_coef,327.09418781652664,440.1161852211785,555.0247239320954,773.9355132820237,1.0190361563525376,1.0076381832702108,16.081625934808724,27.287858749275703,21.638366324479136,38.05063460573312,mixture,10,ptm-iwls-nuts,20000,5000,010-ptm,20260114-124146,0.51130396,0.513875,IWLSKernel,iwls-nuts,FALSE
s(x1)_variance,1181.2681594391263,1181.2681594391263,2386.5667619448864,2386.5667619448864,1.003861014607037,1.003861014607037,58.07719420393872,117.33584809392384,58.07719420393872,117.33584809392384,mixture,10,ptm-iwls-nuts,20000,5000,010-ptm,20260114-124146,1,1,GibbsKernel,iwls-nuts,FALSE
s(x2)_coef,379.49875319882415,413.7530926487411,923.5156080315144,1060.959329592162,1.0137419727897694,1.0062454739373532,18.658102830897903,45.40475834333936,20.342221638861915,52.162195801892274,mixture,10,ptm-iwls-nuts,20000,5000,010-ptm,20260114-124146,0.5301508,0.52750003,IWLSKernel,iwls-nuts,FALSE
s(x2)_variance,6473.942319423694,6473.942319423694,7470.249450222421,7470.249450222421,1.0003082263028402,1.0003082263028402,318.2921696025304,367.27573210678025,318.2921696025304,367.27573210678025,mixture,10,ptm-iwls-nuts,20000,5000,010-ptm,20260114-124146,1,1,GibbsKernel,iwls-nuts,FALSE
s(x3)_coef,279.3234882326061,472.16368668105207,601.1739551349773,854.5530476714096,1.018420933500913,1.0121802409919824,13.732973620070414,29.556791371826733,23.213985671503448,42.01420558964766,mixture,10,ptm-iwls-nuts,20000,5000,010-ptm,20260114-124146,0.52059066,0.51837504,IWLSKernel,iwls-nuts,FALSE
s(x3)_variance,2726.16137005642,2726.16137005642,4476.249758545185,4476.249758545185,1.002114877294639,1.002114877294639,134.03205872849173,220.07536938589536,134.03205872849173,220.07536938589536,mixture,10,ptm-iwls-nuts,20000,5000,010-ptm,20260114-124146,1,1,GibbsKernel,iwls-nuts,FALSE
trafo0_latent,2955.4793938007742,5408.19259146634,3159.4935706888396,4774.9762781566915,1.002026519689742,1.0006359929557291,145.30650754271173,155.3368896171009,265.89445327640624,234.76229542780416,mixture,10,ptm-iwls-nuts,20000,5000,010-ptm,20260114-124146,0.9191741,99.00001,NUTSKernel,iwls-nuts,FALSE
trafo0_scale_square_transformed,2430.9590270866065,2430.9590270866065,3619.572769541872,3619.572769541872,1.0021425702986553,1.0021425702986553,119.5183992641954,177.9567399596911,119.5183992641954,177.9567399596911,mixture,10,ptm-iwls-nuts,20000,5000,010-ptm,20260114-124146,0.9191741,99.00001,NUTSKernel,iwls-nuts,FALSE
