data_seed,data_type,ntrain
1,gaussian,250
1,gaussian,500
1,gaussian,1000
1,mixture,250
1,mixture,500
1,mixture,1000
1,skewnorm,250
1,skewnorm,500
1,skewnorm,1000
1,ptm,250
1,ptm,500
1,ptm,1000
2,gaussian,250
2,gaussian,500
2,gaussian,1000
2,mixture,250
2,mixture,500
2,mixture,1000
2,skewnorm,250
2,skewnorm,500
2,skewnorm,1000
2,ptm,250
2,ptm,500
2,ptm,1000
3,gaussian,250
3,gaussian,500
3,gaussian,1000
3,mixture,250
3,mixture,500
3,mixture,1000
3,skewnorm,250
3,skewnorm,500
3,skewnorm,1000
3,ptm,250
3,ptm,500
3,ptm,1000
4,gaussian,250
4,gaussian,500
4,gaussian,1000
4,mixture,250
4,mixture,500
4,mixture,1000
4,skewnorm,250
4,skewnorm,500
4,skewnorm,1000
4,ptm,250
4,ptm,500
4,ptm,1000
5,gaussian,250
5,gaussian,500
5,gaussian,1000
5,mixture,250
5,mixture,500
5,mixture,1000
5,skewnorm,250
5,skewnorm,500
5,skewnorm,1000
5,ptm,250
5,ptm,500
5,ptm,1000
6,gaussian,250
6,gaussian,500
6,gaussian,1000
6,mixture,250
6,mixture,500
6,mixture,1000
6,skewnorm,250
6,skewnorm,500
6,skewnorm,1000
6,ptm,250
6,ptm,500
6,ptm,1000
7,gaussian,250
7,gaussian,500
7,gaussian,1000
7,mixture,250
7,mixture,500
7,mixture,1000
7,skewnorm,250
7,skewnorm,500
7,skewnorm,1000
7,ptm,250
7,ptm,500
7,ptm,1000
8,gaussian,250
8,gaussian,500
8,gaussian,1000
8,mixture,250
8,mixture,500
8,mixture,1000
8,skewnorm,250
8,skewnorm,500
8,skewnorm,1000
8,ptm,250
8,ptm,500
8,ptm,1000
9,gaussian,250
9,gaussian,500
9,gaussian,1000
9,mixture,250
9,mixture,500
9,mixture,1000
9,skewnorm,250
9,skewnorm,500
9,skewnorm,1000
9,ptm,250
9,ptm,500
9,ptm,1000
10,gaussian,250
10,gaussian,500
10,gaussian,1000
10,mixture,250
10,mixture,500
10,mixture,1000
10,skewnorm,250
10,skewnorm,500
10,skewnorm,1000
10,ptm,250
10,ptm,500
10,ptm,1000
11,gaussian,250
11,gaussian,500
11,gaussian,1000
11,mixture,250
11,mixture,500
11,mixture,1000
11,skewnorm,250
11,skewnorm,500
11,skewnorm,1000
11,ptm,250
11,ptm,500
11,ptm,1000
12,gaussian,250
12,gaussian,500
12,gaussian,1000
12,mixture,250
12,mixture,500
12,mixture,1000
12,skewnorm,250
12,skewnorm,500
12,skewnorm,1000
12,ptm,250
12,ptm,500
12,ptm,1000
13,gaussian,250
13,gaussian,500
13,gaussian,1000
13,mixture,250
13,mixture,500
13,mixture,1000
13,skewnorm,250
13,skewnorm,500
13,skewnorm,1000
13,ptm,250
13,ptm,500
13,ptm,1000
14,gaussian,250
14,gaussian,500
14,gaussian,1000
14,mixture,250
14,mixture,500
14,mixture,1000
14,skewnorm,250
14,skewnorm,500
14,skewnorm,1000
14,ptm,250
14,ptm,500
14,ptm,1000
15,gaussian,250
15,gaussian,500
15,gaussian,1000
15,mixture,250
15,mixture,500
15,mixture,1000
15,skewnorm,250
15,skewnorm,500
15,skewnorm,1000
15,ptm,250
15,ptm,500
15,ptm,1000
16,gaussian,250
16,gaussian,500
16,gaussian,1000
16,mixture,250
16,mixture,500
16,mixture,1000
16,skewnorm,250
16,skewnorm,500
16,skewnorm,1000
16,ptm,250
16,ptm,500
16,ptm,1000
17,gaussian,250
17,gaussian,500
17,gaussian,1000
17,mixture,250
17,mixture,500
17,mixture,1000
17,skewnorm,250
17,skewnorm,500
17,skewnorm,1000
17,ptm,250
17,ptm,500
17,ptm,1000
18,gaussian,250
18,gaussian,500
18,gaussian,1000
18,mixture,250
18,mixture,500
18,mixture,1000
18,skewnorm,250
18,skewnorm,500
18,skewnorm,1000
18,ptm,250
18,ptm,500
18,ptm,1000
19,gaussian,250
19,gaussian,500
19,gaussian,1000
19,mixture,250
19,mixture,500
19,mixture,1000
19,skewnorm,250
19,skewnorm,500
19,skewnorm,1000
19,ptm,250
19,ptm,500
19,ptm,1000
20,gaussian,250
20,gaussian,500
20,gaussian,1000
20,mixture,250
20,mixture,500
20,mixture,1000
20,skewnorm,250
20,skewnorm,500
20,skewnorm,1000
20,ptm,250
20,ptm,500
20,ptm,1000
21,gaussian,250
21,gaussian,500
21,gaussian,1000
21,mixture,250
21,mixture,500
21,mixture,1000
21,skewnorm,250
21,skewnorm,500
21,skewnorm,1000
21,ptm,250
21,ptm,500
21,ptm,1000
22,gaussian,250
22,gaussian,500
22,gaussian,1000
22,mixture,250
22,mixture,500
22,mixture,1000
22,skewnorm,250
22,skewnorm,500
22,skewnorm,1000
22,ptm,250
22,ptm,500
22,ptm,1000
23,gaussian,250
23,gaussian,500
23,gaussian,1000
23,mixture,250
23,mixture,500
23,mixture,1000
23,skewnorm,250
23,skewnorm,500
23,skewnorm,1000
23,ptm,250
23,ptm,500
23,ptm,1000
24,gaussian,250
24,gaussian,500
24,gaussian,1000
24,mixture,250
24,mixture,500
24,mixture,1000
24,skewnorm,250
24,skewnorm,500
24,skewnorm,1000
24,ptm,250
24,ptm,500
24,ptm,1000
25,gaussian,250
25,gaussian,500
25,gaussian,1000
25,mixture,250
25,mixture,500
25,mixture,1000
25,skewnorm,250
25,skewnorm,500
25,skewnorm,1000
25,ptm,250
25,ptm,500
25,ptm,1000
26,gaussian,250
26,gaussian,500
26,gaussian,1000
26,mixture,250
26,mixture,500
26,mixture,1000
26,skewnorm,250
26,skewnorm,500
26,skewnorm,1000
26,ptm,250
26,ptm,500
26,ptm,1000
27,gaussian,250
27,gaussian,500
27,gaussian,1000
27,mixture,250
27,mixture,500
27,mixture,1000
27,skewnorm,250
27,skewnorm,500
27,skewnorm,1000
27,ptm,250
27,ptm,500
27,ptm,1000
28,gaussian,250
28,gaussian,500
28,gaussian,1000
28,mixture,250
28,mixture,500
28,mixture,1000
28,skewnorm,250
28,skewnorm,500
28,skewnorm,1000
28,ptm,250
28,ptm,500
28,ptm,1000
29,gaussian,250
29,gaussian,500
29,gaussian,1000
29,mixture,250
29,mixture,500
29,mixture,1000
29,skewnorm,250
29,skewnorm,500
29,skewnorm,1000
29,ptm,250
29,ptm,500
29,ptm,1000
30,gaussian,250
30,gaussian,500
30,gaussian,1000
30,mixture,250
30,mixture,500
30,mixture,1000
30,skewnorm,250
30,skewnorm,500
30,skewnorm,1000
30,ptm,250
30,ptm,500
30,ptm,1000
31,gaussian,250
31,gaussian,500
31,gaussian,1000
31,mixture,250
31,mixture,500
31,mixture,1000
31,skewnorm,250
31,skewnorm,500
31,skewnorm,1000
31,ptm,250
31,ptm,500
31,ptm,1000
32,gaussian,250
32,gaussian,500
32,gaussian,1000
32,mixture,250
32,mixture,500
32,mixture,1000
32,skewnorm,250
32,skewnorm,500
32,skewnorm,1000
32,ptm,250
32,ptm,500
32,ptm,1000
33,gaussian,250
33,gaussian,500
33,gaussian,1000
33,mixture,250
33,mixture,500
33,mixture,1000
33,skewnorm,250
33,skewnorm,500
33,skewnorm,1000
33,ptm,250
33,ptm,500
33,ptm,1000
34,gaussian,250
34,gaussian,500
34,gaussian,1000
34,mixture,250
34,mixture,500
34,mixture,1000
34,skewnorm,250
34,skewnorm,500
34,skewnorm,1000
34,ptm,250
34,ptm,500
34,ptm,1000
35,gaussian,250
35,gaussian,500
35,gaussian,1000
35,mixture,250
35,mixture,500
35,mixture,1000
35,skewnorm,250
35,skewnorm,500
35,skewnorm,1000
35,ptm,250
35,ptm,500
35,ptm,1000
36,gaussian,250
36,gaussian,500
36,gaussian,1000
36,mixture,250
36,mixture,500
36,mixture,1000
36,skewnorm,250
36,skewnorm,500
36,skewnorm,1000
36,ptm,250
36,ptm,500
36,ptm,1000
37,gaussian,250
37,gaussian,500
37,gaussian,1000
37,mixture,250
37,mixture,500
37,mixture,1000
37,skewnorm,250
37,skewnorm,500
37,skewnorm,1000
37,ptm,250
37,ptm,500
37,ptm,1000
38,gaussian,250
38,gaussian,500
38,gaussian,1000
38,mixture,250
38,mixture,500
38,mixture,1000
38,skewnorm,250
38,skewnorm,500
38,skewnorm,1000
38,ptm,250
38,ptm,500
38,ptm,1000
39,gaussian,250
39,gaussian,500
39,gaussian,1000
39,mixture,250
39,mixture,500
39,mixture,1000
39,skewnorm,250
39,skewnorm,500
39,skewnorm,1000
39,ptm,250
39,ptm,500
39,ptm,1000
40,gaussian,250
40,gaussian,500
40,gaussian,1000
40,mixture,250
40,mixture,500
40,mixture,1000
40,skewnorm,250
40,skewnorm,500
40,skewnorm,1000
40,ptm,250
40,ptm,500
40,ptm,1000
41,gaussian,250
41,gaussian,500
41,gaussian,1000
41,mixture,250
41,mixture,500
41,mixture,1000
41,skewnorm,250
41,skewnorm,500
41,skewnorm,1000
41,ptm,250
41,ptm,500
41,ptm,1000
42,gaussian,250
42,gaussian,500
42,gaussian,1000
42,mixture,250
42,mixture,500
42,mixture,1000
42,skewnorm,250
42,skewnorm,500
42,skewnorm,1000
42,ptm,250
42,ptm,500
42,ptm,1000
43,gaussian,250
43,gaussian,500
43,gaussian,1000
43,mixture,250
43,mixture,500
43,mixture,1000
43,skewnorm,250
43,skewnorm,500
43,skewnorm,1000
43,ptm,250
43,ptm,500
43,ptm,1000
44,gaussian,250
44,gaussian,500
44,gaussian,1000
44,mixture,250
44,mixture,500
44,mixture,1000
44,skewnorm,250
44,skewnorm,500
44,skewnorm,1000
44,ptm,250
44,ptm,500
44,ptm,1000
45,gaussian,250
45,gaussian,500
45,gaussian,1000
45,mixture,250
45,mixture,500
45,mixture,1000
45,skewnorm,250
45,skewnorm,500
45,skewnorm,1000
45,ptm,250
45,ptm,500
45,ptm,1000
46,gaussian,250
46,gaussian,500
46,gaussian,1000
46,mixture,250
46,mixture,500
46,mixture,1000
46,skewnorm,250
46,skewnorm,500
46,skewnorm,1000
46,ptm,250
46,ptm,500
46,ptm,1000
47,gaussian,250
47,gaussian,500
47,gaussian,1000
47,mixture,250
47,mixture,500
47,mixture,1000
47,skewnorm,250
47,skewnorm,500
47,skewnorm,1000
47,ptm,250
47,ptm,500
47,ptm,1000
48,gaussian,250
48,gaussian,500
48,gaussian,1000
48,mixture,250
48,mixture,500
48,mixture,1000
48,skewnorm,250
48,skewnorm,500
48,skewnorm,1000
48,ptm,250
48,ptm,500
48,ptm,1000
49,gaussian,250
49,gaussian,500
49,gaussian,1000
49,mixture,250
49,mixture,500
49,mixture,1000
49,skewnorm,250
49,skewnorm,500
49,skewnorm,1000
49,ptm,250
49,ptm,500
49,ptm,1000
50,gaussian,250
50,gaussian,500
50,gaussian,1000
50,mixture,250
50,mixture,500
50,mixture,1000
50,skewnorm,250
50,skewnorm,500
50,skewnorm,1000
50,ptm,250
50,ptm,500
50,ptm,1000
51,gaussian,250
51,gaussian,500
51,gaussian,1000
51,mixture,250
51,mixture,500
51,mixture,1000
51,skewnorm,250
51,skewnorm,500
51,skewnorm,1000
51,ptm,250
51,ptm,500
51,ptm,1000
52,gaussian,250
52,gaussian,500
52,gaussian,1000
52,mixture,250
52,mixture,500
52,mixture,1000
52,skewnorm,250
52,skewnorm,500
52,skewnorm,1000
52,ptm,250
52,ptm,500
52,ptm,1000
53,gaussian,250
53,gaussian,500
53,gaussian,1000
53,mixture,250
53,mixture,500
53,mixture,1000
53,skewnorm,250
53,skewnorm,500
53,skewnorm,1000
53,ptm,250
53,ptm,500
53,ptm,1000
54,gaussian,250
54,gaussian,500
54,gaussian,1000
54,mixture,250
54,mixture,500
54,mixture,1000
54,skewnorm,250
54,skewnorm,500
54,skewnorm,1000
54,ptm,250
54,ptm,500
54,ptm,1000
55,gaussian,250
55,gaussian,500
55,gaussian,1000
55,mixture,250
55,mixture,500
55,mixture,1000
55,skewnorm,250
55,skewnorm,500
55,skewnorm,1000
55,ptm,250
55,ptm,500
55,ptm,1000
56,gaussian,250
56,gaussian,500
56,gaussian,1000
56,mixture,250
56,mixture,500
56,mixture,1000
56,skewnorm,250
56,skewnorm,500
56,skewnorm,1000
56,ptm,250
56,ptm,500
56,ptm,1000
57,gaussian,250
57,gaussian,500
57,gaussian,1000
57,mixture,250
57,mixture,500
57,mixture,1000
57,skewnorm,250
57,skewnorm,500
57,skewnorm,1000
57,ptm,250
57,ptm,500
57,ptm,1000
58,gaussian,250
58,gaussian,500
58,gaussian,1000
58,mixture,250
58,mixture,500
58,mixture,1000
58,skewnorm,250
58,skewnorm,500
58,skewnorm,1000
58,ptm,250
58,ptm,500
58,ptm,1000
59,gaussian,250
59,gaussian,500
59,gaussian,1000
59,mixture,250
59,mixture,500
59,mixture,1000
59,skewnorm,250
59,skewnorm,500
59,skewnorm,1000
59,ptm,250
59,ptm,500
59,ptm,1000
60,gaussian,250
60,gaussian,500
60,gaussian,1000
60,mixture,250
60,mixture,500
60,mixture,1000
60,skewnorm,250
60,skewnorm,500
60,skewnorm,1000
60,ptm,250
60,ptm,500
60,ptm,1000
61,gaussian,250
61,gaussian,500
61,gaussian,1000
61,mixture,250
61,mixture,500
61,mixture,1000
61,skewnorm,250
61,skewnorm,500
61,skewnorm,1000
61,ptm,250
61,ptm,500
61,ptm,1000
62,gaussian,250
62,gaussian,500
62,gaussian,1000
62,mixture,250
62,mixture,500
62,mixture,1000
62,skewnorm,250
62,skewnorm,500
62,skewnorm,1000
62,ptm,250
62,ptm,500
62,ptm,1000
63,gaussian,250
63,gaussian,500
63,gaussian,1000
63,mixture,250
63,mixture,500
63,mixture,1000
63,skewnorm,250
63,skewnorm,500
63,skewnorm,1000
63,ptm,250
63,ptm,500
63,ptm,1000
64,gaussian,250
64,gaussian,500
64,gaussian,1000
64,mixture,250
64,mixture,500
64,mixture,1000
64,skewnorm,250
64,skewnorm,500
64,skewnorm,1000
64,ptm,250
64,ptm,500
64,ptm,1000
65,gaussian,250
65,gaussian,500
65,gaussian,1000
65,mixture,250
65,mixture,500
65,mixture,1000
65,skewnorm,250
65,skewnorm,500
65,skewnorm,1000
65,ptm,250
65,ptm,500
65,ptm,1000
66,gaussian,250
66,gaussian,500
66,gaussian,1000
66,mixture,250
66,mixture,500
66,mixture,1000
66,skewnorm,250
66,skewnorm,500
66,skewnorm,1000
66,ptm,250
66,ptm,500
66,ptm,1000
67,gaussian,250
67,gaussian,500
67,gaussian,1000
67,mixture,250
67,mixture,500
67,mixture,1000
67,skewnorm,250
67,skewnorm,500
67,skewnorm,1000
67,ptm,250
67,ptm,500
67,ptm,1000
68,gaussian,250
68,gaussian,500
68,gaussian,1000
68,mixture,250
68,mixture,500
68,mixture,1000
68,skewnorm,250
68,skewnorm,500
68,skewnorm,1000
68,ptm,250
68,ptm,500
68,ptm,1000
69,gaussian,250
69,gaussian,500
69,gaussian,1000
69,mixture,250
69,mixture,500
69,mixture,1000
69,skewnorm,250
69,skewnorm,500
69,skewnorm,1000
69,ptm,250
69,ptm,500
69,ptm,1000
70,gaussian,250
70,gaussian,500
70,gaussian,1000
70,mixture,250
70,mixture,500
70,mixture,1000
70,skewnorm,250
70,skewnorm,500
70,skewnorm,1000
70,ptm,250
70,ptm,500
70,ptm,1000
71,gaussian,250
71,gaussian,500
71,gaussian,1000
71,mixture,250
71,mixture,500
71,mixture,1000
71,skewnorm,250
71,skewnorm,500
71,skewnorm,1000
71,ptm,250
71,ptm,500
71,ptm,1000
72,gaussian,250
72,gaussian,500
72,gaussian,1000
72,mixture,250
72,mixture,500
72,mixture,1000
72,skewnorm,250
72,skewnorm,500
72,skewnorm,1000
72,ptm,250
72,ptm,500
72,ptm,1000
73,gaussian,250
73,gaussian,500
73,gaussian,1000
73,mixture,250
73,mixture,500
73,mixture,1000
73,skewnorm,250
73,skewnorm,500
73,skewnorm,1000
73,ptm,250
73,ptm,500
73,ptm,1000
74,gaussian,250
74,gaussian,500
74,gaussian,1000
74,mixture,250
74,mixture,500
74,mixture,1000
74,skewnorm,250
74,skewnorm,500
74,skewnorm,1000
74,ptm,250
74,ptm,500
74,ptm,1000
75,gaussian,250
75,gaussian,500
75,gaussian,1000
75,mixture,250
75,mixture,500
75,mixture,1000
75,skewnorm,250
75,skewnorm,500
75,skewnorm,1000
75,ptm,250
75,ptm,500
75,ptm,1000
76,gaussian,250
76,gaussian,500
76,gaussian,1000
76,mixture,250
76,mixture,500
76,mixture,1000
76,skewnorm,250
76,skewnorm,500
76,skewnorm,1000
76,ptm,250
76,ptm,500
76,ptm,1000
77,gaussian,250
77,gaussian,500
77,gaussian,1000
77,mixture,250
77,mixture,500
77,mixture,1000
77,skewnorm,250
77,skewnorm,500
77,skewnorm,1000
77,ptm,250
77,ptm,500
77,ptm,1000
78,gaussian,250
78,gaussian,500
78,gaussian,1000
78,mixture,250
78,mixture,500
78,mixture,1000
78,skewnorm,250
78,skewnorm,500
78,skewnorm,1000
78,ptm,250
78,ptm,500
78,ptm,1000
79,gaussian,250
79,gaussian,500
79,gaussian,1000
79,mixture,250
79,mixture,500
79,mixture,1000
79,skewnorm,250
79,skewnorm,500
79,skewnorm,1000
79,ptm,250
79,ptm,500
79,ptm,1000
80,gaussian,250
80,gaussian,500
80,gaussian,1000
80,mixture,250
80,mixture,500
80,mixture,1000
80,skewnorm,250
80,skewnorm,500
80,skewnorm,1000
80,ptm,250
80,ptm,500
80,ptm,1000
81,gaussian,250
81,gaussian,500
81,gaussian,1000
81,mixture,250
81,mixture,500
81,mixture,1000
81,skewnorm,250
81,skewnorm,500
81,skewnorm,1000
81,ptm,250
81,ptm,500
81,ptm,1000
82,gaussian,250
82,gaussian,500
82,gaussian,1000
82,mixture,250
82,mixture,500
82,mixture,1000
82,skewnorm,250
82,skewnorm,500
82,skewnorm,1000
82,ptm,250
82,ptm,500
82,ptm,1000
83,gaussian,250
83,gaussian,500
83,gaussian,1000
83,mixture,250
83,mixture,500
83,mixture,1000
83,skewnorm,250
83,skewnorm,500
83,skewnorm,1000
83,ptm,250
83,ptm,500
83,ptm,1000
84,gaussian,250
84,gaussian,500
84,gaussian,1000
84,mixture,250
84,mixture,500
84,mixture,1000
84,skewnorm,250
84,skewnorm,500
84,skewnorm,1000
84,ptm,250
84,ptm,500
84,ptm,1000
85,gaussian,250
85,gaussian,500
85,gaussian,1000
85,mixture,250
85,mixture,500
85,mixture,1000
85,skewnorm,250
85,skewnorm,500
85,skewnorm,1000
85,ptm,250
85,ptm,500
85,ptm,1000
86,gaussian,250
86,gaussian,500
86,gaussian,1000
86,mixture,250
86,mixture,500
86,mixture,1000
86,skewnorm,250
86,skewnorm,500
86,skewnorm,1000
86,ptm,250
86,ptm,500
86,ptm,1000
87,gaussian,250
87,gaussian,500
87,gaussian,1000
87,mixture,250
87,mixture,500
87,mixture,1000
87,skewnorm,250
87,skewnorm,500
87,skewnorm,1000
87,ptm,250
87,ptm,500
87,ptm,1000
88,gaussian,250
88,gaussian,500
88,gaussian,1000
88,mixture,250
88,mixture,500
88,mixture,1000
88,skewnorm,250
88,skewnorm,500
88,skewnorm,1000
88,ptm,250
88,ptm,500
88,ptm,1000
89,gaussian,250
89,gaussian,500
89,gaussian,1000
89,mixture,250
89,mixture,500
89,mixture,1000
89,skewnorm,250
89,skewnorm,500
89,skewnorm,1000
89,ptm,250
89,ptm,500
89,ptm,1000
90,gaussian,250
90,gaussian,500
90,gaussian,1000
90,mixture,250
90,mixture,500
90,mixture,1000
90,skewnorm,250
90,skewnorm,500
90,skewnorm,1000
90,ptm,250
90,ptm,500
90,ptm,1000
91,gaussian,250
91,gaussian,500
91,gaussian,1000
91,mixture,250
91,mixture,500
91,mixture,1000
91,skewnorm,250
91,skewnorm,500
91,skewnorm,1000
91,ptm,250
91,ptm,500
91,ptm,1000
92,gaussian,250
92,gaussian,500
92,gaussian,1000
92,mixture,250
92,mixture,500
92,mixture,1000
92,skewnorm,250
92,skewnorm,500
92,skewnorm,1000
92,ptm,250
92,ptm,500
92,ptm,1000
93,gaussian,250
93,gaussian,500
93,gaussian,1000
93,mixture,250
93,mixture,500
93,mixture,1000
93,skewnorm,250
93,skewnorm,500
93,skewnorm,1000
93,ptm,250
93,ptm,500
93,ptm,1000
94,gaussian,250
94,gaussian,500
94,gaussian,1000
94,mixture,250
94,mixture,500
94,mixture,1000
94,skewnorm,250
94,skewnorm,500
94,skewnorm,1000
94,ptm,250
94,ptm,500
94,ptm,1000
95,gaussian,250
95,gaussian,500
95,gaussian,1000
95,mixture,250
95,mixture,500
95,mixture,1000
95,skewnorm,250
95,skewnorm,500
95,skewnorm,1000
95,ptm,250
95,ptm,500
95,ptm,1000
96,gaussian,250
96,gaussian,500
96,gaussian,1000
96,mixture,250
96,mixture,500
96,mixture,1000
96,skewnorm,250
96,skewnorm,500
96,skewnorm,1000
96,ptm,250
96,ptm,500
96,ptm,1000
97,gaussian,250
97,gaussian,500
97,gaussian,1000
97,mixture,250
97,mixture,500
97,mixture,1000
97,skewnorm,250
97,skewnorm,500
97,skewnorm,1000
97,ptm,250
97,ptm,500
97,ptm,1000
98,gaussian,250
98,gaussian,500
98,gaussian,1000
98,mixture,250
98,mixture,500
98,mixture,1000
98,skewnorm,250
98,skewnorm,500
98,skewnorm,1000
98,ptm,250
98,ptm,500
98,ptm,1000
99,gaussian,250
99,gaussian,500
99,gaussian,1000
99,mixture,250
99,mixture,500
99,mixture,1000
99,skewnorm,250
99,skewnorm,500
99,skewnorm,1000
99,ptm,250
99,ptm,500
99,ptm,1000
100,gaussian,250
100,gaussian,500
100,gaussian,1000
100,mixture,250
100,mixture,500
100,mixture,1000
100,skewnorm,250
100,skewnorm,500
100,skewnorm,1000
100,ptm,250
100,ptm,500
100,ptm,1000
